Name,URL,Description,Image,Rating,Rating Count,Content Rating,Genre,Duration
Breaking Bad,https://www.imdb.com/title/tt0903747/,A chemistry teacher diagnosed with inoperable lung cancer turns to manufacturing and selling methamphetamine with a former student in order to secure his family&apos;s future.,https://m.media-amazon.com/images/M/MV5BYmQ4YWMxYjUtNjZmYi00MDQ1LWFjMjMtNjA5ZDdiYjdiODU5XkEyXkFqcGdeQXVyMTMzNDExODE5._V1_.jpg,9.5,2157843,18,"Crime, Drama, Thriller",
Planet Earth II,https://www.imdb.com/title/tt5491994/,David Attenborough returns with a new wildlife documentary that shows life in a variety of habitats.,https://m.media-amazon.com/images/M/MV5BMGZmYmQ5NGQtNWQ1MC00NWZlLTg0MjYtYjJjMzQ5ODgxYzRkXkEyXkFqcGdeQXVyNjAwNDUxODI@._V1_.jpg,9.5,159349,PG,Documentary,
Planet Earth,https://www.imdb.com/title/tt0795176/,"A documentary series on the wildlife found on Earth. Each episode covers a different habitat: deserts, mountains, deep oceans, shallow seas, forests, caves, polar regions, fresh water, plains and jungles. Narrated by David Attenbo...",https://m.media-amazon.com/images/M/MV5BMzMyYjg0MGMtMTlkMy00OGFiLWFiNTYtYmFmZWNmMDFlMzkwXkEyXkFqcGdeQXVyNjAwNDUxODI@._V1_.jpg,9.4,221227,PG,"Documentary, Family",
Band of Brothers,https://www.imdb.com/title/tt0185906/,"The story of Easy Company of the U.S. Army 101st Airborne Division and their mission in World War II Europe, from Operation Overlord to V-J Day.",https://m.media-amazon.com/images/M/MV5BMTI3ODc2ODc0M15BMl5BanBnXkFtZTYwMjgzNjc3._V1_.jpg,9.4,532378,15,"Drama, History, War",
Chernobyl,https://www.imdb.com/title/tt7366338/,"In April 1986, the city of Chernobyl in the Soviet Union suffers one of the worst nuclear disasters in the history of mankind. Consequently, many heroes put their lives on the line in the following days, weeks and months.",https://m.media-amazon.com/images/M/MV5BNTdkN2QwMDItMDVhNS00ZjFiLWEzNTctMzY5ODQzYWNkMDllXkEyXkFqcGdeQXVyMTMzNDExODE5._V1_.jpg,9.3,875326,15,"Drama, History, Thriller",
The Wire,https://www.imdb.com/title/tt0306414/,"The Baltimore drug scene, as seen through the eyes of drug dealers and law enforcement.",https://m.media-amazon.com/images/M/MV5BZmY5ZDMxODEtNWIwOS00NjdkLTkyMjktNWRjMDhmYjJjN2RmXkEyXkFqcGdeQXVyNTA4NzY1MzY@._V1_.jpg,9.3,380629,18,"Crime, Drama, Thriller",
Avatar: The Last Airbender,https://www.imdb.com/title/tt0417299/,"In a war-torn world of elemental powers, a young boy reawakens to undertake a dangerous mystic quest to fulfill his destiny as the Avatar, and bring peace to the world.",https://m.media-amazon.com/images/M/MV5BODc5YTBhMTItMjhkNi00ZTIxLWI0YjAtNTZmOTY0YjRlZGQ0XkEyXkFqcGdeQXVyODUwNjEzMzg@._V1_.jpg,9.3,377702,PG,"Animation, Action, Adventure",
Blue Planet II,https://www.imdb.com/title/tt6769208/,"David Attenborough returns to the world&apos;s oceans in this sequel to the acclaimed documentary filming rare and unusual creatures of the deep, as well as documenting the problems our oceans face.",https://m.media-amazon.com/images/M/MV5BNDZiNDllMTAtOTgxZi00NzNiLWFhNzUtOGUwZWZjZGNjZTMyXkEyXkFqcGdeQXVyNjAwNDUxODI@._V1_.jpg,9.3,47288,U,Documentary,
The Sopranos,https://www.imdb.com/title/tt0141842/,"New Jersey mob boss Tony Soprano deals with personal and professional issues in his home and business life that affect his mental state, leading him to seek professional psychiatric counseling.",https://m.media-amazon.com/images/M/MV5BZTZkMWVkNTEtYzMxMC00MzQzLTg5NjUtNTNmN2M2NzEwNzI0XkEyXkFqcGdeQXVyMTY3MDE5MDY1._V1_.jpg,9.2,477274,18,"Crime, Drama",
Cosmos: A Spacetime Odyssey,https://www.imdb.com/title/tt2395695/,An exploration of our discovery of the laws of nature and coordinates in space and time.,https://m.media-amazon.com/images/M/MV5BZTk5OTQyZjYtMDk3Yy00YjhmLWE2MTYtZmY4NTg1YWUzZTQ0XkEyXkFqcGdeQXVyNTA4NzY1MzY@._V1_.jpg,9.2,129471,PG,Documentary,
Cosmos,https://www.imdb.com/title/tt0081846/,Astronomer Carl Sagan leads us on an engaging guided tour of the various elements and cosmological theories of the universe.,https://m.media-amazon.com/images/M/MV5BM2YzYzc0OWUtNmIwZi00MTBlLThjYTgtYmU1ODlhMzdjMzdjXkEyXkFqcGdeQXVyNjAwNDUxODI@._V1_.jpg,9.3,44676,U,Documentary,
Our Planet,https://www.imdb.com/title/tt9253866/,"Explores and unravels the mystery of how and why animals migrate, showing some of the most dramatic and compelling stories in the natural world through spectacular and innovative cinematography.",https://m.media-amazon.com/images/M/MV5BZmM2OWEyN2EtZWY2NS00ZDA3LWFlNTAtNzUzMGQwZWVlZmE4XkEyXkFqcGdeQXVyNjAwNDUxODI@._V1_.jpg,9.3,51997,U,Documentary,
Game of Thrones,https://www.imdb.com/title/tt0944947/,"Nine noble families fight for control over the lands of Westeros, while an ancient enemy returns after being dormant for millennia.",https://m.media-amazon.com/images/M/MV5BN2IzYzBiOTQtNGZmMi00NDI5LTgxMzMtN2EzZjA1NjhlOGMxXkEyXkFqcGdeQXVyNjAwNDUxODI@._V1_.jpg,9.2,2301971,18,"Action, Adventure, Drama",
The World at War,https://www.imdb.com/title/tt0071075/,"A groundbreaking 26-part documentary series narrated by the actor Laurence Olivier about the deadliest conflict in history, World War II.",https://m.media-amazon.com/images/M/MV5BOTI1NDAxMWQtOThkOS00MWIwLWJlNGQtNGJhNGIzZTkxYTcwXkEyXkFqcGdeQXVyNjc5NjEzNA@@._V1_.jpg,9.2,30054,15,"Documentary, History, War",
Bluey,https://www.imdb.com/title/tt7678620/,The slice-of-life adventures of an Australian Blue Heeler Cattle Dog puppy as she has fun with her family and friends in everyday situations.,https://m.media-amazon.com/images/M/MV5BMDBiNDI3YjQtNDdkNS00ZDliLTlmMmQtMDE4ZWM1ZGIyNjljXkEyXkFqcGdeQXVyNTE1NjY5Mg@@._V1_.jpg,9.4,29775,U,"Animation, Family",
Hagane no renkinjutsushi,https://www.imdb.com/title/tt1355642/,Two brothers search for a Philosopher&apos;s Stone after an attempt to revive their deceased mother goes awry and leaves them in damaged physical forms.,https://m.media-amazon.com/images/M/MV5BZmEzN2YzOTItMDI5MS00MGU4LWI1NWQtOTg5ZThhNGQwYTEzXkEyXkFqcGdeQXVyNTA4NzY1MzY@._V1_.jpg,9.1,199416,PG,"Animation, Action, Adventure",
Rick and Morty,https://www.imdb.com/title/tt2861424/,The fractured domestic lives of a nihilistic mad scientist and his anxious grandson are further complicated by their inter-dimensional misadventures.,https://m.media-amazon.com/images/M/MV5BZjRjOTFkOTktZWUzMi00YzMyLThkMmYtMjEwNmQyNzliYTNmXkEyXkFqcGdeQXVyNzQ1ODk3MTQ@._V1_.jpg,9.1,607656,15,"Animation, Adventure, Comedy",
Life,https://www.imdb.com/title/tt1533395/,David Attenborough&apos;s legendary BBC crew explains and shows wildlife all over planet earth. From giving an overview of the challenges facing life to hunting the deep sea and various major evolutionary groups of creatures.,https://m.media-amazon.com/images/M/MV5BNjJhMTAxZjYtNWZkYy00Nzg1LTlkYjItZTNhZWRjNzkxMDg3XkEyXkFqcGdeQXVyNTA4NzY1MzY@._V1_.jpg,9.1,43002,E,Documentary,
The Last Dance,https://www.imdb.com/title/tt8420184/,"Led by Michael Jordan, the 1990s Chicago Bulls establish themselves as one of the most notable dynasties in sports history.",https://m.media-amazon.com/images/M/MV5BY2U1ZTU4OWItNGU2MC00MTg1LTk4NzUtYTk3ODhjYjI0MzlmXkEyXkFqcGdeQXVyMTkxNjUyNQ@@._V1_.jpg,9.1,154085,15,"Documentary, Biography, History",
The Twilight Zone,https://www.imdb.com/title/tt0052520/,"Ordinary people find themselves in extraordinarily astounding situations, which they each try to solve in a remarkable manner.",https://m.media-amazon.com/images/M/MV5BNTAzMDI5MzgtMGNkMC00MzllLWJhNjctNjA1NmViNGUxMzYxXkEyXkFqcGdeQXVyMTQxNzMzNDI@._V1_.jpg,9.1,94184,12,"Drama, Fantasy, Horror",
Sherlock,https://www.imdb.com/title/tt1475582/,"The quirky spin on Conan Doyle&apos;s iconic sleuth pitches him as a &quot;high-functioning sociopath&quot; in modern-day London. Assisting him in his investigations: Afghanistan War vet John Watson, who&apos;s introduced to Holmes by a mutual acquai...",https://m.media-amazon.com/images/M/MV5BMWEzNTFlMTQtMzhjOS00MzQ1LWJjNjgtY2RhMjFhYjQwYjIzXkEyXkFqcGdeQXVyNDIzMzcwNjc@._V1_.jpg,9.1,1005909,15,"Crime, Drama, Mystery",
The Vietnam War,https://www.imdb.com/title/tt1877514/,A comprehensive history of the United States&apos; involvement in the bitterly divisive armed conflict in Southeast Asia.,https://m.media-amazon.com/images/M/MV5BZmY2NGMyY2EtMjJiMS00MmFlLTk1MmItZDA1NTQ0ODg0MDA4XkEyXkFqcGdeQXVyNjAwNDUxODI@._V1_.jpg,9.1,28228,15,"Documentary, History, War",
Shingeki no Kyojin,https://www.imdb.com/title/tt2560140/,"After his hometown is destroyed, young Eren Jaeger vows to cleanse the earth of the giant humanoid Titans that have brought humanity to the brink of extinction.",https://m.media-amazon.com/images/M/MV5BNDFjYTIxMjctYTQ2ZC00OGQ4LWE3OGYtNDdiMzNiNDZlMDAwXkEyXkFqcGdeQXVyNzI3NjY3NjQ@._V1_.jpg,9.1,524415,15,"Animation, Action, Adventure",
Batman: The Animated Series,https://www.imdb.com/title/tt0103359/,The Dark Knight battles crime in Gotham City with occasional help from Robin and Batgirl.,https://m.media-amazon.com/images/M/MV5BZmVkNDc3YjQtZDMzOS00MTNjLTljNzUtZDhjYWQxMmVlNjE5XkEyXkFqcGdeQXVyNTgyNTA4MjM@._V1_.jpg,9.0,118025,PG,"Animation, Action, Adventure",
The Office,https://www.imdb.com/title/tt0386676/,"A mockumentary on a group of typical office workers, where the workday consists of ego clashes, inappropriate behavior, tedium and romance.",https://m.media-amazon.com/images/M/MV5BMDNkOTE4NDQtMTNmYi00MWE0LWE4ZTktYTc0NzhhNWIzNzJiXkEyXkFqcGdeQXVyMzQ2MDI5NjU@._V1_.jpg,9.0,720480,PG,Comedy,
The Blue Planet,https://www.imdb.com/title/tt0296310/,"Mammoth series, five years in the making, taking a look at the rich tapestry of life in the world&apos;s oceans.",https://m.media-amazon.com/images/M/MV5BMjI2NzVhM2UtODZlNS00Nzk1LTk4NDQtYTc0YWU4ODNlNGNjXkEyXkFqcGdeQXVyNjcwMzExMzU@._V1_.jpg,9.0,42883,E,Documentary,
Arcane: League of Legends,https://www.imdb.com/title/tt11126994/,"Set in Utopian Piltover and the oppressed underground of Zaun, the story follows the origins of two iconic League of Legends champions and the power that will tear them apart.",https://m.media-amazon.com/images/M/MV5BOWJhYjdjNWEtMWFmNC00ZjNkLThlZGEtN2NkM2U3NTVmMjZkXkEyXkFqcGc@._V1_.jpg,9.0,277097,15,"Animation, Action, Adventure",
Scam 1992: The Harshad Mehta Story,https://www.imdb.com/title/tt12392504/,"The rise and fall of Harshad Mehta, a stockbroker who single-handedly took the stock market to great heights, is depicted.",https://m.media-amazon.com/images/M/MV5BNjgxZTMxNmQtZGFkZS00NDUyLTllMzYtOTE0ZjdlMjM1ZWU0XkEyXkFqcGdeQXVyMTAyMTE1MDA1._V1_.jpg,9.2,158395,15,"Biography, Crime, Drama",
Better Call Saul,https://www.imdb.com/title/tt3032476/,The trials and tribulations of criminal lawyer Jimmy McGill in the years leading up to his fateful run-in with Walter White and Jesse Pinkman.,https://m.media-amazon.com/images/M/MV5BZDA4YmE0OTYtMmRmNS00Mzk2LTlhM2MtNjk4NzBjZGE1MmIyXkEyXkFqcGdeQXVyMTMzNDExODE5._V1_.jpg,9.0,656014,PG,"Crime, Drama",
Clarkson&apos;s Farm,https://www.imdb.com/title/tt10541088/,Follow Jeremy Clarkson as he attempts to run a farm in the countryside.,https://m.media-amazon.com/images/M/MV5BYWI5M2YyYmYtMzBkNy00YWYyLThjZGUtYzEyOTQxZDQyYmVhXkEyXkFqcGdeQXVyNjAwNDUxODI@._V1_.jpg,9.0,61522,15,"Documentary, Comedy, Reality-TV",
Human Planet,https://www.imdb.com/title/tt1806234/,A cinematic experience bringing you the most amazing human stories in the world. Humans and wildlife surviving in the most extreme environments on Earth,https://m.media-amazon.com/images/M/MV5BOTJmZjcwZDctODRkYi00MTJkLTgwYTYtMmUxYTgxOGU4ODg2XkEyXkFqcGdeQXVyMTUyNjc3NDQ4._V1_.jpg,9.0,27876,PG,Documentary,
Frozen Planet,https://www.imdb.com/title/tt2092588/,Focuses on life and the environment in both the Arctic and Antarctic.,https://m.media-amazon.com/images/M/MV5BYjdlMGYwYWQtODVlMi00Y2I0LThiYzgtYTM0YmU5NzdhYTI0XkEyXkFqcGdeQXVyNjAwNDUxODI@._V1_.jpg,9.0,33111,E,Documentary,
Firefly,https://www.imdb.com/title/tt0303461/,"Five hundred years in the future, a renegade crew aboard a small spacecraft tries to survive as they travel the unknown parts of the galaxy and evade warring factions as well as authority agents out to get them.",https://m.media-amazon.com/images/M/MV5BOTcwNzkwMDItZmM1OC00MmQ2LTgxYjgtOTNiNDgxZDAxMjk0XkEyXkFqcGdeQXVyNDQ0MTYzMDA@._V1_.jpg,8.9,282798,PG,"Adventure, Drama, Sci-Fi",
Hunter x Hunter,https://www.imdb.com/title/tt2098220/,"Gon Freecss aspires to become a Hunter, an exceptional being capable of greatness. With his friends and his potential, he seeks out his father, who left him when he was younger.",https://m.media-amazon.com/images/M/MV5BNGM0YTk3MWEtN2JlZC00ZmZmLWIwMDktZTMxZGE5Zjc2MGExXkEyXkFqcGdeQXVyNjAwNDUxODI@._V1_.jpg,9.0,137844,PG,"Animation, Action, Adventure",
Only Fools and Horses,https://www.imdb.com/title/tt0081912/,Comedy that follows two brothers from London&apos;s rough Peckham estate as they wheel and deal through a number of dodgy deals and search for the big score that&apos;ll make them millionaires.,https://m.media-amazon.com/images/M/MV5BYmI1NGIwNzYtOTVlMS00ZGYwLWE0ZTktYzVmMGVlMmRmN2QxXkEyXkFqcGdeQXVyNTA4NzY1MzY@._V1_.jpg,9.0,57014,12,Comedy,
The Civil War,https://www.imdb.com/title/tt0098769/,A comprehensive survey of the American Civil War.,https://m.media-amazon.com/images/M/MV5BZjE1ODNkYzctNjM0Ni00MmM3LTkyMjctZGRhYzA3YzhjMTFlXkEyXkFqcGdeQXVyNjAwNDUxODI@._V1_.jpg,9.0,18707,TV-14,"Documentary, History, War",
Death Note: Desu nôto,https://www.imdb.com/title/tt0877057/,An intelligent high school student goes on a secret crusade to eliminate criminals from the world after discovering a notebook capable of killing anyone whose name is written into it.,https://m.media-amazon.com/images/M/MV5BNjRiNmNjMmMtN2U2Yi00ODgxLTk3OTMtMmI1MTI1NjYyZTEzXkEyXkFqcGdeQXVyNjAwNDUxODI@._V1_.jpg,8.9,383209,12,"Animation, Crime, Drama",
Seinfeld,https://www.imdb.com/title/tt0098904/,The continuing misadventures of neurotic New York City stand-up comedian Jerry Seinfeld and his equally neurotic New York City friends.,https://m.media-amazon.com/images/M/MV5BZjZjMzQ2ZmUtZWEyZC00NWJiLWFjM2UtMzhmYzZmZDcxMzllXkEyXkFqcGdeQXVyNTA4NzY1MzY@._V1_.jpg,8.9,353971,PG,Comedy,
Dekalog,https://www.imdb.com/title/tt0092337/,"Ten television drama films, each one based on one of the Ten Commandments.",https://m.media-amazon.com/images/M/MV5BNDgzZDVmZjYtYmNhNi00YTE0LWJmNDAtODZiNWIwMjJhZDhhXkEyXkFqcGdeQXVyNjAwNDUxODI@._V1_.jpg,8.9,28030,15,Drama,
The Beatles: Get Back,https://www.imdb.com/title/tt9735318/,"In January 1969, The Beatles set out to write and record new songs for their first live show in more than two years, culminating in an impromptu concert atop their Savile Row studio.",https://m.media-amazon.com/images/M/MV5BNjMxMjE5ZTEtMjgyOC00ODM4LWJjZDAtMjcwZDBlNzZhZTkyXkEyXkFqcGdeQXVyMDM2NDM2MQ@@._V1_.jpg,8.9,28494,15,"Documentary, Biography, Music",
Gravity Falls,https://www.imdb.com/title/tt1865718/,"Twin siblings Dipper and Mabel Pines spend the summer at their great-uncle&apos;s tourist trap in the enigmatic Gravity Falls, Oregon.",https://m.media-amazon.com/images/M/MV5BMTEzNDc3MDQ2NzNeQTJeQWpwZ15BbWU4MDYzMzUwMDIx._V1_.jpg,8.9,137496,PG,"Animation, Adventure, Comedy",
True Detective,https://www.imdb.com/title/tt2356777/,"Anthology series in which police investigations unearth the personal and professional secrets of those involved, both within and outside the law.",https://m.media-amazon.com/images/M/MV5BNTEzMzBiNGYtYThiZS00MzBjLTk5ZWItM2FmMzU3Y2RjYTVlXkEyXkFqcGdeQXVyMjkwOTAyMDU@._V1_.jpg,8.9,661234,18,"Crime, Drama, Mystery",
Kaubôi bibappu: Cowboy Bebop,https://www.imdb.com/title/tt0213338/,The futuristic misadventures and tragedies of an easygoing bounty hunter and his partners.,https://m.media-amazon.com/images/M/MV5BZDEzMjlkNDgtZjhkNi00N2RlLWFhZTYtNDE5OTc2NjZkODJlXkEyXkFqcGdeQXVyNjAwNDUxODI@._V1_.jpg,8.9,140435,PG,"Animation, Action, Adventure",
Shahsiyet,https://www.imdb.com/title/tt7920978/,A man diagnosed with Alzheimer&apos;s decides to punish criminals.,https://m.media-amazon.com/images/M/MV5BOTJkNzJmYzgtZTZmNC00MTQ2LWE2ZGQtM2EyYjliNGViMTY5XkEyXkFqcGdeQXVyNDg4MjkzNDk@._V1_.jpg,9.0,47754,TV-MA,"Crime, Drama, Mystery",
Fargo,https://www.imdb.com/title/tt2802850/,"Various chronicles of deception, intrigue, and murder in and around frozen Minnesota. All of these tales mysteriously lead back one way or another to Fargo, North Dakota.",https://m.media-amazon.com/images/M/MV5BMjNlMTIxNDEtY2U3OC00ZGFlLTgxNzEtZDU3NTdiZTAzN2MxXkEyXkFqcGdeQXVyMTU1ODIwMTM1._V1_.jpg,8.9,424700,15,"Crime, Drama, Thriller",
Nathan for You,https://www.imdb.com/title/tt2297757/,"Nathan Fielder uses his business degree and life experiences to help real small businesses turn a profit. But because of his unorthodox approach, Nathan&apos;s genuine efforts to do good often draw real people into an experience far be...",https://m.media-amazon.com/images/M/MV5BOGY4ZWM1MDUtZmM3MS00ZjAxLTkyYzMtMjgxODI1YzkzNGUwXkEyXkFqcGdeQXVyNzk2NzE5Mjk@._V1_.jpg,8.9,38978,Not Rated,"Documentary, Comedy",
Gibi,https://www.imdb.com/title/tt13675832/,Yilmaz and Ilkkan are two friends who are constantly fighting each other. Their greatest feature is always being able to do something that will turn their ordinary lives upside down.,https://m.media-amazon.com/images/M/MV5BZTUzZjU0M2MtZGFmYy00ZWU0LWJjZGUtOGJlMTI4MWI4ZDUxXkEyXkFqcGdeQXVyNDg4MjkzNDk@._V1_.jpg,9.0,22978,,Comedy,
Taskmaster,https://www.imdb.com/title/tt4934214/,"Five comedians are set tasks challenging their creativity and wit. The tasks are supervised by Alex Horne but the Taskmaster, Greg Davies, always has the final word.",https://m.media-amazon.com/images/M/MV5BMTNlYzY0MTItZmI5Ni00ODEwLTkxNDktOTI3MGI1ODRmODJlXkEyXkFqcGdeQXVyMDE4MzA0NQ@@._V1_.jpg,9.0,20146,15,"Comedy, Game-Show",
Apocalypse: La 2ème guerre mondiale,https://www.imdb.com/title/tt1508238/,"This six-part series traces the Second World War, from the rise of the Nazis to the surrender of the Japanese, with detailed portraits of key figures.",https://m.media-amazon.com/images/M/MV5BOTMwMzU4MTgtZTIwNC00ODJiLWJmYTctNzc5ZTU3NmJlMDZiL2ltYWdlXkEyXkFqcGdeQXVyNTAyODkwOQ@@._V1_.jpg,9.0,14395,TV-MA,"Documentary, History, War",
When They See Us,https://www.imdb.com/title/tt7137906/,Five teens from Harlem become trapped in a nightmare when they&apos;re falsely accused of a brutal attack in Central Park. Based on the true story.,https://m.media-amazon.com/images/M/MV5BZmJjM2YzOWEtOTYxYi00YjhkLTliMzgtMTA2MTc0NDQ1MDM4XkEyXkFqcGdeQXVyODY5OTk4MA@@._V1_.jpg,8.8,138864,15,"Biography, Crime, Drama",
Last Week Tonight with John Oliver,https://www.imdb.com/title/tt3530232/,Former Daily Show host and correspondent John Oliver brings his persona to this weekly news satire program.,https://m.media-amazon.com/images/M/MV5BNjRhYTgyZGEtOGU2YS00ZGM1LWIzODctZDhkNDBiYTFhZTYxXkEyXkFqcGdeQXVyNTE1NjY5Mg@@._V1_.jpg,8.8,96175,15,"Comedy, News, Talk-Show",
Africa,https://www.imdb.com/title/tt2571774/,"Africa, the world&apos;s wildest continent. David Attenborough takes us on an awe-inspiring journey through one of the most diverse places in the world. We visit deserts, savannas, and jungles and meet up with some of Africa&apos;s amazing ...",https://m.media-amazon.com/images/M/MV5BNDdkZGViNzctZTJkMy00N2ZmLTg4NTUtZWM3YTE3ZTE3NjYwXkEyXkFqcGdeQXVyNjAwNDUxODI@._V1_.jpg,8.9,17215,PG,Documentary,
Friends,https://www.imdb.com/title/tt0108778/,Follows the personal and professional lives of six twenty to thirty year-old friends living in the Manhattan borough of New York City.,https://m.media-amazon.com/images/M/MV5BNDVkYjU0MzctMWRmZi00NTkxLTgwZWEtOWVhYjZlYjllYmU4XkEyXkFqcGdeQXVyNTA4NzY1MzY@._V1_.jpg,8.9,1094794,PG,"Comedy, Romance",
Succession,https://www.imdb.com/title/tt7660850/,"The Roy family is known for controlling the biggest media and entertainment company in the world. However, their world changes when their father steps down from the company.",https://m.media-amazon.com/images/M/MV5BODY5YjA3ZDgtM2EwYy00ZGVmLWFhNWItMTMxMWRkMWFiOTlkXkEyXkFqcGdeQXVyMTMzNDExODE5._V1_.jpg,8.8,278186,15,"Comedy, Drama",
TVF Pitchers,https://www.imdb.com/title/tt4742876/,A story of trials and tribulations of four young entrepreneurs who quit their day jobs in order to pursue their start up venture.,https://m.media-amazon.com/images/M/MV5BNDQyODA4ZmMtM2E3NC00OTVkLWE1ZTctMTNmN2E0YTdiOWNjXkEyXkFqcGdeQXVyMTExMTIzMTA5._V1_.jpg,9.1,72721,TV-MA,"Comedy, Drama",
It&apos;s Always Sunny in Philadelphia,https://www.imdb.com/title/tt0472954/,Five friends with big egos and small brains are the proprietors of an Irish pub in Philadelphia.,https://m.media-amazon.com/images/M/MV5BMTgwMjc3Mjc0NF5BMl5BanBnXkFtZTgwODYxMDM0NDE@._V1_.jpg,8.8,253643,15,Comedy,
The West Wing,https://www.imdb.com/title/tt0200276/,Inside the lives of staffers in the West Wing of the White House.,https://m.media-amazon.com/images/M/MV5BNjk3ZWE3ZDctN2Q1YS00NzNhLWFjNmYtZTkwYWQxZmQ3NzM3XkEyXkFqcGdeQXVyNTE1NjY5Mg@@._V1_.jpg,8.9,86189,12,Drama,
Monty Python&apos;s Flying Circus,https://www.imdb.com/title/tt0063929/,The original surreal sketch comedy showcase for the Monty Python troupe.,https://m.media-amazon.com/images/M/MV5BZGI1N2FiYTYtOWU3Mi00MjBlLWJkMGMtMjZmZTQwMDdiYjY3XkEyXkFqcGdeQXVyMTIwMjIwNjQ2._V1_.jpg,8.8,79037,PG,Comedy,
Curb Your Enthusiasm,https://www.imdb.com/title/tt0264235/,Larry David stars as an over-the-top version of himself in this comedy series that shows how seemingly trivial details of day-to-day life can precipitate a catastrophic chain of events.,https://m.media-amazon.com/images/M/MV5BZDY1ZGM4OGItMWMyNS00MDAyLWE2Y2MtZTFhMTU0MGI5ZDFlXkEyXkFqcGdeQXVyMDc5ODIzMw@@._V1_.jpg,8.8,148885,PG,Comedy,
Das Boot,https://www.imdb.com/title/tt0081834/,A World War II German U-Boat crew have a terrifying patrol mission in the early days of the war.,https://m.media-amazon.com/images/M/MV5BZjkzZGM2MGMtN2NjNC00ZWIwLWE2NWItZTVlYmU2NDQ0MzczXkEyXkFqcGc@._V1_.jpg,8.8,33602,TV-MA,"Drama, War",
One Piece: Wan pîsu,https://www.imdb.com/title/tt0388629/,"Monkey D. Luffy sets off on an adventure with his pirate crew in hopes of finding the greatest treasure ever, known as the &quot;One Piece.&quot;",https://m.media-amazon.com/images/M/MV5BM2YwYTkwNjItNGQzNy00MWE1LWE1M2ItOTMzOGI1OWQyYjA0XkEyXkFqcGdeQXVyMTUzMTg2ODkz._V1_.jpg,9.0,241203,PG,"Animation, Action, Adventure",
X-Men &apos;97,https://www.imdb.com/title/tt16026746/,"A band of mutants use their uncanny gifts to protect a world that hates and fears them; they&apos;re challenged like never before, forced to face a dangerous and unexpected new future.",https://m.media-amazon.com/images/M/MV5BNDU3ZTU4NTctNGIyOC00ZDgxLTliZWEtNDg0ZmNjMGE4YjU1XkEyXkFqcGdeQXVyNjYwMjU3MjA@._V1_.jpg,8.9,29062,TV-14,"Animation, Action, Adventure",
BoJack Horseman,https://www.imdb.com/title/tt3398228/,"BoJack Horseman was the star of the hit television show &quot;Horsin&apos; Around&quot; in the &apos;80s and &apos;90s, but now he&apos;s washed up, living in Hollywood, complaining about everything, and wearing colorful sweaters.",https://m.media-amazon.com/images/M/MV5BMjI2MDMxODAyMl5BMl5BanBnXkFtZTgwNjI1NTIzMzI@._V1_.jpg,8.8,191068,PG,"Animation, Comedy, Drama",
Fawlty Towers,https://www.imdb.com/title/tt0072500/,"Hotel owner Basil Fawlty&apos;s incompetence, short fuse, and arrogance form a combination that ensures accidents and trouble are never far away.",https://m.media-amazon.com/images/M/MV5BNzJiYjAxNjUtNjFlNC00NWMwLTgxMTAtNjgyYmUzNWE0OWFjXkEyXkFqcGdeQXVyMTA0MTM5NjI2._V1_.jpg,8.8,100593,PG,Comedy,
Sôsô no Furîren,https://www.imdb.com/title/tt22248376/,"An elf and her friends defeat a demon king in a great war. But the war is over, and the elf must search for a new way of life.",https://m.media-amazon.com/images/M/MV5BMjVjZGU5ZTktYTZiNC00N2Q1LThiZjMtMDVmZDljN2I3ZWIwXkEyXkFqcGdeQXVyMTUzMTg2ODkz._V1_.jpg,8.9,18882,TV-14,"Animation, Adventure, Drama",
Leyla ile Mecnun,https://www.imdb.com/title/tt1831164/,"It is an unique and heartwarming show follows the extraordinary journey of a couple named Leyla and Mecnun. With Ali Atay portraying Mecnun and Ezgi Asaroglu as Leyla, the series has garnered a massive fan base and critical acclaim.",https://m.media-amazon.com/images/M/MV5BZGZlN2QzYTQtNmZkMy00YjdiLWIwOGUtMzlhZTJlMmIyNmJhXkEyXkFqcGdeQXVyOTQ2MjQ3MTI@._V1_.jpg,9.1,96743,TV-PG,"Adventure, Comedy, Drama",
Pride and Prejudice,https://www.imdb.com/title/tt0112130/,"While the arrival of wealthy gentlemen sends her marriage-minded mother into a frenzy, willful and opinionated Elizabeth Bennet matches wits with haughty Mr. Darcy.",https://m.media-amazon.com/images/M/MV5BMDM0MjFlOGYtNTg2ZC00MmRkLTg5OTQtM2U5ZjUyYTgxZThiXkEyXkFqcGdeQXVyNTAyODkwOQ@@._V1_.jpg,8.8,92821,PG,"Drama, Romance",
Freaks and Geeks,https://www.imdb.com/title/tt0193676/,A high school mathlete starts hanging out with a group of burnouts while her younger brother navigates his freshman year.,https://m.media-amazon.com/images/M/MV5BZWJhOGFiZWMtYTY5Ni00NGU1LWE5OWItNzA5NThkNWUwYzc4XkEyXkFqcGdeQXVyNTA4NzY1MzY@._V1_.jpg,8.8,153913,15,"Comedy, Drama",
Blackadder Goes Forth,https://www.imdb.com/title/tt0096548/,"Stuck in the middle of World War I, Captain Edmund Blackadder does his best to escape the banality of the war.",https://m.media-amazon.com/images/M/MV5BNDAzY2RjNjItYWJlZC00NDNiLWIwZTYtNDM3M2YyYTY5ZDVhXkEyXkFqcGdeQXVyNjc5NjEzNA@@._V1_.jpg,8.8,57119,15,"Comedy, War",
Dragon Ball Z,https://www.imdb.com/title/tt0214341/,"With the help of the powerful Dragonballs, a team of fighters led by the saiyan warrior Goku defend the planet earth from extraterrestrial enemies.",https://m.media-amazon.com/images/M/MV5BNGM5MTEyZDItZWNhOS00NzNkLTgwZTAtNWIzY2IzZmExOWMxXkEyXkFqcGdeQXVyNTA4NzY1MzY@._V1_.jpg,8.8,149089,PG,"Animation, Action, Adventure",
Twin Peaks,https://www.imdb.com/title/tt0098936/,An idiosyncratic FBI agent investigates the murder of a young woman in the even more idiosyncratic town of Twin Peaks.,https://m.media-amazon.com/images/M/MV5BMTExNzk2NjcxNTNeQTJeQWpwZ15BbWU4MDcxOTczOTIx._V1_.jpg,8.8,216879,PG,"Crime, Drama, Mystery",
Narcos,https://www.imdb.com/title/tt2707408/,"A chronicled look at the criminal exploits of Colombian drug lord Pablo Escobar, as well as the many other drug kingpins who plagued the country through the years.",https://m.media-amazon.com/images/M/MV5BNmFjODU3YzgtMGUwNC00ZGI3LWFkZjQtMjkxZDc3NmQ1MzcyXkEyXkFqcGdeQXVyNjUwNzk3NDc@._V1_.jpg,8.8,473701,15,"Biography, Crime, Drama",
Chappelle&apos;s Show,https://www.imdb.com/title/tt0353049/,Comedian Dave Chappelle hosts this sketch-comedy show that parodies many of the nuances of race and culture.,https://m.media-amazon.com/images/M/MV5BOWNjYTg5NGMtOWRjNy00ZGNlLTg2MmYtZjQ5NTM0MTQxOGM2XkEyXkFqcGdeQXVyNTA4NzY1MzY@._V1_.jpg,8.8,72168,15,"Comedy, Music",
Dragon Ball Z: Doragon bôru zetto,https://www.imdb.com/title/tt0121220/,"The adventures of Earth&apos;s martial arts defender, Son Goku, continue with a new family and the revelation of his alien origins. Now Goku and his allies must defend the planet from an onslaught of new extraterrestrial enemies.",https://m.media-amazon.com/images/M/MV5BMGU2NjZhMmUtNTYzYS00OTMyLTkzZDAtMTkzNDIwNWFkM2I0XkEyXkFqcGdeQXVyMTY3NTgwODk5._V1_.jpg,8.8,88480,PG,"Animation, Action, Adventure",
Panchayat,https://www.imdb.com/title/tt12004706/,"A comedy-drama, which captures the journey of an engineering graduate Abhishek, who for lack of a better job option joins as secretary of a Panchayat office in a remote village of Uttar Pradesh.",https://m.media-amazon.com/images/M/MV5BOGRmMjc4MjEtM2E4YS00NjM5LWIwYzUtYTFlNTdhMTRhNmJjXkEyXkFqcGdeQXVyMTExMTIzMTA5._V1_.jpg,9.0,93161,15,"Comedy, Drama",
Gullak,https://www.imdb.com/title/tt10530900/,"Set in quaint by-lanes in the heart of India, Gullak is a collection of disarming and relatable tales of the Mishra family.",https://m.media-amazon.com/images/M/MV5BMzllMWE4YTgtODM3OS00MGEyLWEwMjktNWQzZjFjNWNhMGNmXkEyXkFqcGc@._V1_.jpg,9.1,22920,,"Comedy, Drama, Family",
"I, Claudius",https://www.imdb.com/title/tt0074006/,"The personal and governmental affairs of the Julio-Claudian dynasty at the beginning of the Roman Empire, as recalled by one of its rulers.",https://m.media-amazon.com/images/M/MV5BZWM1MDY1MjYtYTAzZC00MDJiLTk4MjAtOGQzNDI4YWU1MWQ0XkEyXkFqcGdeQXVyNTA4NzY1MzY@._V1_.jpg,8.8,19512,15,"Biography, Drama, History",
Black Mirror,https://www.imdb.com/title/tt2085059/,"Featuring stand-alone dramas -- sharp, suspenseful, satirical tales that explore techno-paranoia -- &quot;Black Mirror&quot; is a contemporary reworking of &quot;The Twilight Zone&quot; with stories that tap into the collective unease about the moder...",https://m.media-amazon.com/images/M/MV5BZTgyNTBkNzctN2I3NC00NTA1LWJiMDMtYzA2MmYyZjc1NWQzXkEyXkFqcGdeQXVyMTUzMTg2ODkz._V1_.jpg,8.7,644908,18,"Crime, Drama, Mystery",
South Park,https://www.imdb.com/title/tt0121955/,"Follows the misadventures of four irreverent grade-schoolers in the quiet, dysfunctional town of South Park, Colorado.",https://m.media-amazon.com/images/M/MV5BZjNhODYzZGItZWQ3Ny00ZjViLTkxMTUtM2EzN2RjYjU2OGZiXkEyXkFqcGdeQXVyMTI5MTc0OTIy._V1_.jpg,8.7,408056,PG,"Animation, Comedy",
Vinland Saga,https://www.imdb.com/title/tt10233448/,"Following a tragedy, Thorfinn embarks on a journey with the man responsible for it to take his life in a duel as a true and honorable warrior to pay homage.",https://m.media-amazon.com/images/M/MV5BYTAwM2FhMzItMzFmMS00ZDY2LTk0NDctNTI3MDU2OTNjZWVlXkEyXkFqcGdeQXVyNjAwNDUxODI@._V1_.jpg,8.8,74493,15,"Animation, Action, Adventure",
Ted Lasso,https://www.imdb.com/title/tt10986410/,"American college football coach Ted Lasso heads to London to manage AFC Richmond, a struggling English Premier League soccer team.",https://m.media-amazon.com/images/M/MV5BMTdmZjBjZjQtY2JiNS00Y2ZlLTg2NzgtMjUzMGY2OTVmOWJiXkEyXkFqcGdeQXVyMDM2NDM2MQ@@._V1_.jpg,8.8,354571,15,"Comedy, Drama, Sport",
Over the Garden Wall,https://www.imdb.com/title/tt3718778/,Two brothers find themselves lost in a mysterious land and try to find their way home.,https://m.media-amazon.com/images/M/MV5BYzhjNzI0NWEtMzEyYy00OGViLThhMjctMWQxNGQ3Y2IzOTY4XkEyXkFqcGdeQXVyNjAwNDUxODI@._V1_.jpg,8.8,71333,PG,"Animation, Short, Adventure",
Kota Factory,https://www.imdb.com/title/tt9432978/,"In a city of coaching centers known to train India’s finest collegiate minds, an earnest but unexceptional student and his friends navigate campus life.",https://m.media-amazon.com/images/M/MV5BM2E5Yjk2OGItZjRkOS00NmUzLWE0MDUtZjJlMjQ4ODk0YjU2XkEyXkFqcGc@._V1_.jpg,9.0,81231,12,"Comedy, Drama",
Eungdaphara 1988,https://www.imdb.com/title/tt5182866/,"Five childhood friends, who all live in the same Ssangmundong neighborhood of Seoul in 1988, lean on each other to survive their challenging teen years and set a path for their futures.",https://m.media-amazon.com/images/M/MV5BMzU4ZjUyYjMtYjNmMi00Y2ViLTg5Y2MtN2U4N2M1MjliYTYyXkEyXkFqcGdeQXVyMTMxODk2OTU@._V1_.jpg,9.1,12224,,"Comedy, Drama, Family",
Peaky Blinders,https://www.imdb.com/title/tt2442560/,"A gangster family epic set in 1900s England, centering on a gang who sew razor blades in the peaks of their caps, and their fierce boss Tommy Shelby.",https://m.media-amazon.com/images/M/MV5BMTQxODYzNTQzOV5BMl5BanBnXkFtZTgwMTI2MDYwMDE@._V1_.jpg,8.8,657648,18,"Crime, Drama",
Bleach: Sennen Kessen-hen,https://www.imdb.com/title/tt14986406/,"The peace is suddenly broken when warning sirens blare through the Soul Society. Residents are disappearing without a trace and nobody knows who&apos;s behind it. Meanwhile, a darkness is approaching Ichigo and his friends in Karakura ...",https://m.media-amazon.com/images/M/MV5BODFmYTUwYzMtM2M2My00NGExLWIzMDctYmRjNTNhZDc4MGI2XkEyXkFqcGdeQXVyMTMzNDExODE5._V1_.jpg,9.0,36449,16,"Animation, Action, Adventure",
Six Feet Under,https://www.imdb.com/title/tt0248654/,A chronicle of the lives of a dysfunctional family who run an independent funeral home in Los Angeles.,https://m.media-amazon.com/images/M/MV5BN2FmMjg0Y2YtYmMyYi00MTBjLTllYzMtN2VjYzRhOTVmNWRlXkEyXkFqcGdeQXVyNDIzMzcwNjc@._V1_.jpg,8.7,150468,18,"Comedy, Drama",
Rome,https://www.imdb.com/title/tt0384766/,A down-to-earth account of the lives of both illustrious and ordinary Romans set in the last days of the Roman Republic.,https://m.media-amazon.com/images/M/MV5BYTM4MmU1NWYtNzJjYy00YWFhLThjOGEtZmMxOGI1NzE0NGNiXkEyXkFqcGdeQXVyNDIzMzcwNjc@._V1_.jpg,8.7,186480,18,"Action, Drama, Romance",
Oz,https://www.imdb.com/title/tt0118421/,A series chronicling the daily activities of an unusual prison facility and its criminal inhabitants.,https://m.media-amazon.com/images/M/MV5BYjY3N2M2YjgtZTFjZS00ODA1LWJjMDgtNDgxZDllZWFiMmYyXkEyXkFqcGdeQXVyNDIzMzcwNjc@._V1_.jpg,8.7,107273,15,"Crime, Drama, Thriller",
Steins;Gate,https://www.imdb.com/title/tt1910272/,"After discovering time travel, a university student and his colleagues must use their knowledge of it to stop an evil organization and their diabolical plans.",https://m.media-amazon.com/images/M/MV5BMjUxMzE4ZDctODNjMS00MzIwLThjNDktODkwYjc5YWU0MDc0XkEyXkFqcGdeQXVyNjc3OTE4Nzk@._V1_.jpg,8.8,74314,12,"Animation, Comedy, Drama",
The Last of Us,https://www.imdb.com/title/tt3581920/,"After a global pandemic destroys civilization, a hardened survivor takes charge of a 14-year-old girl who may be humanity&apos;s last hope.",https://m.media-amazon.com/images/M/MV5BZGUzYTI3M2EtZmM0Yy00NGUyLWI4ODEtN2Q3ZGJlYzhhZjU3XkEyXkFqcGdeQXVyNTM0OTY1OQ@@._V1_.jpg,8.7,539417,15,"Action, Adventure, Drama",
Dark,https://www.imdb.com/title/tt5753856/,"A family saga with a supernatural twist, set in a German town where the disappearance of two young children exposes the relationships among four families.",https://m.media-amazon.com/images/M/MV5BOTk2NzUyOTctZDdlMS00MDJlLTgzNTEtNzQzYjFhNjA0YjBjXkEyXkFqcGdeQXVyMjg1NDcxNDE@._V1_.jpg,8.7,449491,15,"Crime, Drama, Mystery",
The Boys,https://www.imdb.com/title/tt1190634/,A group of vigilantes set out to take down corrupt superheroes who abuse their superpowers.,https://m.media-amazon.com/images/M/MV5BYTY2ZjYyNGUtZGVkZS00MDNhLWIwMjMtZDk4MmQ5ZWI0NTY4XkEyXkFqcGdeQXVyMTY3MDE5MDY1._V1_.jpg,8.7,667649,18,"Action, Comedy, Crime",
Fleabag,https://www.imdb.com/title/tt5687612/,Series adapted from the award-winning play about a young woman trying to cope with life in London whilst coming to terms with a recent tragedy.,https://m.media-amazon.com/images/M/MV5BMjA4MzU5NzQxNV5BMl5BanBnXkFtZTgwOTg3MDA5NzM@._V1_.jpg,8.7,204955,15,"Comedy, Drama",
Blue Eye Samurai,https://www.imdb.com/title/tt13309742/,"Driven by a dream of revenge against those who made her an outcast in Edo-period Japan, a young warrior cuts a bloody path toward her destiny.",https://m.media-amazon.com/images/M/MV5BNjg5YzIwMmMtOWMzZS00NWExLWE3MTUtZjVmNjVlNjdmZjY0XkEyXkFqcGdeQXVyMDM2NDM2MQ@@._V1_.jpg,8.7,70366,18,"Animation, Action, Adventure",
The Shield,https://www.imdb.com/title/tt0286486/,Drama series following the lives and cases of dirty cop Vic Mackey and the corrupt LAPD unit under his command.,https://m.media-amazon.com/images/M/MV5BMTcwNzQwODI5NV5BMl5BanBnXkFtZTcwNzQxMjI5MQ@@._V1_.jpg,8.7,88732,15,"Crime, Drama, Thriller",
Kenpuu Denki Berserk,https://www.imdb.com/title/tt0318871/,"Guts, a wandering mercenary, joins the Band of the Hawk after being defeated in a duel by Griffith, the group&apos;s leader and founder. Together, they dominate every battle, but something menacing lurks in the shadows.",https://m.media-amazon.com/images/M/MV5BNzgwY2QwYjItYTM1NS00OTZmLThlMjUtNmE0Mzg0OGE0NzE3XkEyXkFqcGdeQXVyNjAwNDUxODI@._V1_.jpg,8.7,54452,18,"Animation, Action, Adventure",
Battlestar Galactica,https://www.imdb.com/title/tt0407362/,"When an old enemy, the Cylons, resurface and obliterate the 12 colonies, the crew of the aged Galactica protect a small civilian fleet - the last of humanity - as they journey toward the fabled 13th colony, Earth.",https://m.media-amazon.com/images/M/MV5BZjBjMjk4YWQtZjY1MC00NTI5LWEwZDMtYWMyYjk2MjkzMThhXkEyXkFqcGdeQXVyNzA5NjUyNjM@._V1_.jpg,8.7,176656,12,"Action, Adventure, Drama",
Downton Abbey,https://www.imdb.com/title/tt1606375/,A chronicle of the lives of the British aristocratic Crawley family and their servants in the early twentieth century.,https://m.media-amazon.com/images/M/MV5BY2U1NmIwYzgtNjFkOS00YWUxLTg0YTMtZmE5NTA3YjRmY2NlXkEyXkFqcGdeQXVyNTA4NzY1MzY@._V1_.jpg,8.7,226145,12,"Drama, Romance",
The Simpsons,https://www.imdb.com/title/tt0096697/,The satiric half-hour adventures of a working-class family in the misfit city of Springfield.,https://m.media-amazon.com/images/M/MV5BYjFkMTlkYWUtZWFhNy00M2FmLThiOTYtYTRiYjVlZWYxNmJkXkEyXkFqcGdeQXVyNTAyODkwOQ@@._V1_.jpg,8.7,438025,PG,"Animation, Comedy",
Shôgun,https://www.imdb.com/title/tt2788316/,"When a mysterious European ship is found marooned in a nearby fishing village, Lord Yoshii Toranaga discovers secrets that could tip the scales of power and devastate his enemies.",https://m.media-amazon.com/images/M/MV5BNjcxNDZkMjgtZjliYy00NDgzLThkMmQtMjNiOWJkZjQ5MTUzXkEyXkFqcGdeQXVyMzUwNDIxMjQ@._V1_.jpg,8.7,142224,TV-MA,"Adventure, Drama, History",
Severance,https://www.imdb.com/title/tt11280740/,"Mark leads a team of office workers whose memories have been surgically divided between their work and personal lives. When a mysterious colleague appears outside of work, it begins a journey to discover the truth about their jobs.",https://m.media-amazon.com/images/M/MV5BMjkwZjcwMGQtNDAzOC00YjJiLThiYTgtNWU3ZjRiZmY2YzEzXkEyXkFqcGdeQXVyMTMzNDExODE5._V1_.jpg,8.7,207119,15,"Drama, Mystery, Sci-Fi",
House M.D.,https://www.imdb.com/title/tt0412142/,"Using a crack team of doctors and his wits, an antisocial maverick doctor specializing in diagnostic medicine does whatever it takes to solve puzzling cases that come his way.",https://m.media-amazon.com/images/M/MV5BMDA4NjQzN2ItZDhhNC00ZjVlLWFjNTgtMTEyNDQyOGNjMDE1XkEyXkFqcGdeQXVyNTA4NzY1MzY@._V1_.jpg,8.7,519360,15,"Drama, Mystery",
Mad Men,https://www.imdb.com/title/tt0804503/,"A drama about one of New York&apos;s most prestigious ad agencies at the beginning of the 1960s, focusing on one of the firm&apos;s most mysterious but extremely talented ad executives, Donald Draper.",https://m.media-amazon.com/images/M/MV5BNTgxNDZlODQtNDcwOC00NWQ5LTljNWMtMDhjY2U5YTUzMTc4XkEyXkFqcGdeQXVyMDA4NzMyOA@@._V1_.jpg,8.7,262030,15,Drama,
Arrested Development,https://www.imdb.com/title/tt0367279/,"Level-headed son Michael Bluth takes over family affairs after his father is imprisoned. But the rest of his spoiled, dysfunctional family are making his job unbearable.",https://m.media-amazon.com/images/M/MV5BNTFlYTE2YTItZmQ1NS00ZWQ5LWI3OGUtYTQzNDMyZmEyYTZjXkEyXkFqcGdeQXVyNDg4NjY5OTQ@._V1_.jpg,8.7,325579,PG,Comedy,
Peep Show,https://www.imdb.com/title/tt0387764/,Mark and Jez are a couple of twenty-something roommates who have nothing in common - except for the fact that their lives are anything but normal. Mayhem ensues as the pair strive to cope with day-to-day life.,https://m.media-amazon.com/images/M/MV5BZjYwMWJhOWMtZTc5ZC00MGY0LTg0ZjktMzFhODhhZGZhNDRjXkEyXkFqcGdeQXVyNTA4NzY1MzY@._V1_.jpg,8.7,67028,18,Comedy,
One Punch Man: Wanpanman,https://www.imdb.com/title/tt4508902/,"The story of Saitama, a hero that does it just for fun &amp; can defeat his enemies with a single punch.",https://m.media-amazon.com/images/M/MV5BZjJlNzE5YzEtYzQwYS00NTBjLTk5YzAtYzUwOWQyM2E3OGI2XkEyXkFqcGdeQXVyNTgyNTA4MjM@._V1_.jpg,8.7,187589,15,"Animation, Action, Comedy",
Star Trek: The Next Generation,https://www.imdb.com/title/tt0092455/,"Set almost 100 years after Captain Kirk&apos;s 5-year mission, a new generation of Starfleet officers sets off in the U.S.S. Enterprise-D on its own mission to go where no one has gone before.",https://m.media-amazon.com/images/M/MV5BOWFhYjE4NzMtOWJmZi00NzEyLTg5NTctYmIxMTU1ZDIxMDAyXkEyXkFqcGdeQXVyNTE1NjY5Mg@@._V1_.jpg,8.7,137257,PG,"Action, Adventure, Drama",
Invincible,https://www.imdb.com/title/tt6741278/,An adult animated series based on the Skybound/Image comic about a teenager whose father is the most powerful superhero on the planet.,https://m.media-amazon.com/images/M/MV5BZGY2ZTQxZGUtZDY2ZC00Mjc5LTlkZWQtNTA5YjUwOTIxYjEzXkEyXkFqcGdeQXVyMTY3MDE5MDY1._V1_.jpg,8.7,209536,18,"Animation, Action, Adventure",
Mahabharat,https://www.imdb.com/title/tt0158417/,"When a dynastic struggle between the collateral branches of the Kuru clan, the Kauravas and Pandavas lead them to the threshold of war, Lord Krishna decides to step in and take control of the situation.",https://m.media-amazon.com/images/M/MV5BMGE1MTlmNmYtMTg4Zi00NWRmLWIxMzktMTViNjRmYTQ5NDI2XkEyXkFqcGdeQXVyODAzNzAwOTU@._V1_.jpg,8.9,23461,TV-14,"Action, Adventure, Drama",
The Grand Tour,https://www.imdb.com/title/tt5712554/,"Jeremy, Richard and James embark on an adventure across the globe, driving new and exciting automobiles from manufacturers all over the world.",https://m.media-amazon.com/images/M/MV5BMTg4ZTYzY2UtMGZiNS00YTdmLThmM2MtODRlNWY1MWJkMTQyXkEyXkFqcGdeQXVyNjI4OTg2Njg@._V1_.jpg,8.7,84115,PG,"Comedy, Sport, Talk-Show",
Stranger Things,https://www.imdb.com/title/tt4574334/,"When a young boy vanishes, a small town uncovers a mystery involving secret experiments, terrifying supernatural forces and one strange little girl.",https://m.media-amazon.com/images/M/MV5BMDZkYmVhNjMtNWU4MC00MDQxLWE3MjYtZGMzZWI1ZjhlOWJmXkEyXkFqcGdeQXVyMTkxNjUyNQ@@._V1_.jpg,8.7,1350030,15,"Drama, Fantasy, Horror",
The Adventures of Sherlock Holmes,https://www.imdb.com/title/tt0086661/,"Sherlock Holmes and Dr Watson solve the mysteries of copper beeches, a Greek interpreter, the Norwood builder, a resident patient, the red-headed league, and one final problem.",https://m.media-amazon.com/images/M/MV5BMmQ0MmI3YjktNDlkNi00YTBkLTk5OGItNjhkNmM1NGI1M2IwXkEyXkFqcGdeQXVyMTA0MTM5NjI2._V1_.jpg,8.7,24351,15,"Crime, Drama, Mystery",
Justice League Unlimited,https://www.imdb.com/title/tt6025022/,A continuation of the Justice League animated series finds the original members of the team joined in their battle against crime and evil by dozens of other heroes from the DC comics universe.,https://m.media-amazon.com/images/M/MV5BYzgwNjUzNGMtMGI0Zi00NGM3LTkxZDQtNzdmZmRiOTU4YzllXkEyXkFqcGdeQXVyODA4OTIyMzY@._V1_.jpg,8.7,20591,PG,"Animation, Action, Adventure",
The Marvelous Mrs. Maisel,https://www.imdb.com/title/tt5788792/,"After her husband leaves her, young mother of two Miriam &quot;Midge&quot; Maisel discovers that she has a talent for stand-up comedy. Could this be her calling?",https://m.media-amazon.com/images/M/MV5BMTE1MTgyNzY5NTleQTJeQWpwZ15BbWU4MDA2NDkyODYz._V1_.jpg,8.7,143903,15,"Comedy, Drama",
Friday Night Lights,https://www.imdb.com/title/tt0758745/,"A drama that follows the lives of the Dillon Panthers, one of the nation&apos;s best high school football teams, and their head coach Eric Taylor.",https://m.media-amazon.com/images/M/MV5BYTkxZDVhZGItZjM3Yi00YTU1LTk2ZDYtYTI4NTg2Mjc0NWY1XkEyXkFqcGdeQXVyNTA4NzY1MzY@._V1_.jpg,8.7,72832,12,"Drama, Sport",
Naruto: Shippûden,https://www.imdb.com/title/tt0988824/,"Naruto Uzumaki, is a loud, hyperactive, adolescent ninja who constantly searches for approval and recognition, as well as to become Hokage, who is acknowledged as the leader and strongest of all ninja in the village.",https://m.media-amazon.com/images/M/MV5BZGFiMWFhNDAtMzUyZS00NmQ2LTljNDYtMmZjNTc5MDUxMzViXkEyXkFqcGdeQXVyNjAwNDUxODI@._V1_.jpg,8.7,172765,PG,"Animation, Action, Adventure",
Line of Duty,https://www.imdb.com/title/tt2303687/,"Drama series following the investigations of AC-12, a controversial police anti-corruption unit.",https://m.media-amazon.com/images/M/MV5BOTgxNTRiNWYtZjMyNS00OTNiLWFjNzMtNWQ3ZDFhYTEyNDEwXkEyXkFqcGdeQXVyMjExMjk0ODk@._V1_.jpg,8.7,70896,15,"Crime, Drama, Mystery",
Behzat Ç.: Bir Ankara Polisiyesi,https://www.imdb.com/title/tt1795096/,An inharmonious police team in Ankara Police Force and its discredited police chief fight crime.,https://m.media-amazon.com/images/M/MV5BZDZjY2I5ZjEtZGE2MS00ZjRmLTlmMGEtMDQ5ZmZhZWJjYzk3XkEyXkFqcGdeQXVyNDg4MjkzNDk@._V1_.jpg,8.9,33035,TV-14,"Crime, Drama, Mystery",
1883,https://www.imdb.com/title/tt13991232/,"The post-Civil war generation of the Dutton family travels to Texas, and joins a wagon train undertaking the arduous journey west to Oregon, before settling in Montana to establish what would eventually become the Yellowstone Ranch.",https://m.media-amazon.com/images/M/MV5BNDZkZDdkMjYtMGI3Yi00MmVkLTkzZjQtMGI0NGViNzIzNjhjXkEyXkFqcGdeQXVyMDA4NzMyOA@@._V1_.jpg,8.7,118312,15,"Drama, Western",
Top Gear,https://www.imdb.com/title/tt1628033/,"The hosts talk about everything car-related. From new cars to how they&apos;re fueled, this show has it all.",https://m.media-amazon.com/images/M/MV5BYzkwZDgwZmQtOWE4Yy00ZjgyLTgxZTYtZTRiMTg5MWY4NTFiXkEyXkFqcGdeQXVyNTA4NzY1MzY@._V1_.jpg,8.7,127735,PG,"Adventure, Sport, Talk-Show",
Monster,https://www.imdb.com/title/tt0434706/,"Tenma, a brilliant neurosurgeon with a promising future, risks his career to save the life of a critically wounded young boy. The boy, now a charismatic young man, reappears 9 years later in the midst of a string of unusual serial...",https://m.media-amazon.com/images/M/MV5BM2ZkYTAwMGMtOGEwOS00MzBjLTgxOGYtZTYwY2E1ZjMyZmY4XkEyXkFqcGdeQXVyNTgyNTA4MjM@._V1_.jpg,8.7,45762,15,"Animation, Crime, Drama",
Sarabhai V/S Sarabhai,https://www.imdb.com/title/tt1518542/,"The show revolves around the lives of the members of an Uber Wealthy - High Society Gujarati family of Cuffe Parade - South Mumbai, whose daughter-in-law is from a middle class Delhi background.",https://m.media-amazon.com/images/M/MV5BNjYxNzBhMmQtZjM4Yy00MGZiLWFmNDAtYmVkZGM0MWNlMTU3XkEyXkFqcGdeQXVyNTA4NzY1MzY@._V1_.jpg,8.9,18219,TV-PG,Comedy,
The Mandalorian,https://www.imdb.com/title/tt8111088/,"The travels of a lone bounty hunter in the outer reaches of the galaxy, far from the authority of the New Republic.",https://m.media-amazon.com/images/M/MV5BN2M5YWFjN2YtYzU2YS00NzBlLTgwZWUtYWQzNWFhNDkyYjg3XkEyXkFqcGdeQXVyMDM2NDM2MQ@@._V1_.jpg,8.6,592581,12,"Action, Adventure, Fantasy",
The Thick of It,https://www.imdb.com/title/tt0459159/,The Minister for Social Affairs is continually harassed by Number 10&apos;s policy enforcer and dependent on his not-so-reliable team of civil servants.,https://m.media-amazon.com/images/M/MV5BZjc0ZDA5OTItYzhjNi00ZTJjLTg4OTYtZjk3NzBhODRlMTViXkEyXkFqcGdeQXVyMjc5OTMxMzQ@._V1_.jpg,8.7,26303,18,Comedy,
How to with John Wilson,https://www.imdb.com/title/tt10801534/,An anxious New Yorker attempts to give everyday advice while dealing with his own personal issues.,https://m.media-amazon.com/images/M/MV5BMDg1ZDFiNjUtYjA5OC00NmU2LTgxOTAtZmUzZDkwZGIyZGJhXkEyXkFqcGdeQXVyNjYyMjE4NDY@._V1_.jpg,8.7,13544,15,"Documentary, Comedy",
Aspirants,https://www.imdb.com/title/tt14392248/,It is the story of the journey of three UPSC (public service competitive exams in India) aspirants and their friendship against all odds.,https://m.media-amazon.com/images/M/MV5BYWIzMDEyOTItNzA0OC00YmU1LTk3OWUtNjM4ZmE4ZDcyNWZmXkEyXkFqcGdeQXVyMTExMTIzMTA5._V1_.jpg,9.2,312320,,Drama,
This Is Us,https://www.imdb.com/title/tt5555260/,"A heartwarming and emotional story about a unique set of triplets, their struggles, and their wonderful parents.",https://m.media-amazon.com/images/M/MV5BMjY1Mzk4ZjgtZWMxZS00ZjVhLWFiNDAtZWVlYmQzM2M3ZGExXkEyXkFqcGdeQXVyNjMxNzcwOTI@._V1_.jpg,8.7,160347,PG,"Comedy, Drama, Romance",
Father Ted,https://www.imdb.com/title/tt0111958/,"Three misfit priests and their housekeeper live on Craggy Island, not the peaceful and quiet part of Ireland that it seems to be.",https://m.media-amazon.com/images/M/MV5BYWY5NjRjYTItNmFkMC00MmY2LWIyYzUtMGRhMjMyZDI1OTc2XkEyXkFqcGdeQXVyNjc5NjEzNA@@._V1_.jpg,8.7,44051,PG,Comedy,
House of Cards,https://www.imdb.com/title/tt1856010/,A Congressman works with his equally conniving wife to exact revenge on the people who betrayed him.,https://m.media-amazon.com/images/M/MV5BNmM4ODU1MzItODYyYi00Y2U0LWFjZjItYTRhZWIwOGMyZTRhXkEyXkFqcGdeQXVyNjc2NTQ4Nzk@._V1_.jpg,8.6,532797,18,Drama,
Atlanta,https://www.imdb.com/title/tt4288182/,"Earn and his cousin, Alfred, try to make their way in the world through Atlanta&apos;s rap scene. Along the way they come face-to-face with social and economic issues touching on race, relationships, poverty, status and parenthood.",https://m.media-amazon.com/images/M/MV5BZGU1MzRhNmMtNDExOS00NTk2LWJlYzMtMzc4YWYyN2Q3M2ZmXkEyXkFqcGdeQXVyMTUzMTg2ODkz._V1_.jpg,8.6,88934,15,"Comedy, Drama, Music",
Parks and Recreation,https://www.imdb.com/title/tt1266020/,The absurd antics of an Indiana town&apos;s public officials as they pursue sundry projects to make their city a better place.,https://m.media-amazon.com/images/M/MV5BYWNkOTg0OTMtZTcyNy00MWU1LWJhZDQtYjQzMjU1NjBhYzI2XkEyXkFqcGdeQXVyOTE4NzcwNzI@._V1_.jpg,8.6,289985,15,Comedy,
Kôdo Giasu: Hangyaku no Rurûshu,https://www.imdb.com/title/tt0994314/,"After being given a mysterious power to control others, an outcast prince becomes the masked leader of the rebellion against an all-powerful empire.",https://m.media-amazon.com/images/M/MV5BYzZjY2MzYTAtMmQxMi00MWVjLTlkZGQtYjJmNWVhODY3YjdjXkEyXkFqcGdeQXVyNjAwNDUxODI@._V1_.jpg,8.7,81155,15,"Animation, Action, Drama",
The Crown,https://www.imdb.com/title/tt4786824/,Follows the political rivalries and romances of Queen Elizabeth II&apos;s reign and the events that shaped Britain for the second half of the 20th century.,https://m.media-amazon.com/images/M/MV5BYTE1NGIyYjgtYjk4ZC00ZDBlLTk0YWItYWU4NWZkN2YyNDY2XkEyXkFqcGdeQXVyMTUzMTg2ODkz._V1_.jpg,8.6,258567,PG,"Biography, Drama, History",
Deadwood,https://www.imdb.com/title/tt0348914/,"A show set in the late 1800s, revolving around the characters of Deadwood, South Dakota; a town of deep corruption and crime.",https://m.media-amazon.com/images/M/MV5BMWE2MmU2MmEtNTVhMS00MTBhLWIyZjAtOGY2MGYxZGZlMDRhXkEyXkFqcGdeQXVyNDIzMzcwNjc@._V1_.jpg,8.6,118395,18,"Crime, Drama, History",
The X Files,https://www.imdb.com/title/tt0106179/,"Two F.B.I. Agents, Fox Mulder the believer and Dana Scully the skeptic, investigate the strange and unexplained, while hidden forces work to impede their efforts.",https://m.media-amazon.com/images/M/MV5BOTQ4YjNiODAtN2I5Ni00OWQzLWFhNmUtNjg0NDIzMjZmMDFlXkEyXkFqcGdeQXVyMTA3MzQ4MTc0._V1_.jpg,8.6,251382,PG,"Crime, Drama, Mystery",
Dexter,https://www.imdb.com/title/tt0773262/,"He&apos;s smart. He&apos;s lovable. He&apos;s Dexter Morgan, America&apos;s favorite serial killer, who spends his days solving crimes and nights committing them.",https://m.media-amazon.com/images/M/MV5BZjkzMmU5MjMtODllZS00OTA5LTk2ZTEtNjdhYjZhMDA5ZTRhXkEyXkFqcGdeQXVyOTA3MTMyOTk@._V1_.jpg,8.6,774387,18,"Crime, Drama, Mystery",
Primal,https://www.imdb.com/title/tt10332508/,A caveman and a dinosaur bond over shared tragedy and work together to survive in a perilous prehistoric world.,https://m.media-amazon.com/images/M/MV5BNDI3ODE5MDEtNDMzNi00YmNmLTg5YTktMjdiODI5MGM2M2NjXkEyXkFqcGdeQXVyNzE5MTcxMTI@._V1_.jpg,8.7,21212,15,"Animation, Action, Adventure",
Adventure Time,https://www.imdb.com/title/tt1305826/,"A 12-year-old boy and his best friend, a wise 28-year-old dog with magical powers, go on a series of surreal adventures in a remote future.",https://m.media-amazon.com/images/M/MV5BMGFkNGY4NGMtZjY0NC00YTI0LThiZjMtMjBmZGMzOGU3YTdmXkEyXkFqcGdeQXVyMTM0NTUzNDIy._V1_.jpg,8.6,113503,TV-PG,"Animation, Action, Adventure",
It&apos;s a Sin,https://www.imdb.com/title/tt9140342/,The lives of a group of friends living in 1980s London are irreparably changed by the AIDS crisis.,https://m.media-amazon.com/images/M/MV5BZWIyNGI1N2YtNzRlZS00NTFjLTk5MzMtZjQ5MTUwMTljZDZkXkEyXkFqcGdeQXVyMjQwMDg0Ng@@._V1_.jpg,8.6,37212,15,"Comedy, Drama, History",
Ramayan,https://www.imdb.com/title/tt0268093/,"An adaptation of the ancient epic in which the exiled Prince Rama and his brother Laxman set out to save Rama&apos;s wife, Sita, who has been kidnapped by the demon king of Lanka Ravana.",https://m.media-amazon.com/images/M/MV5BODFjYWEyOTktMTU3OC00YTBhLWE4ZmEtNTJiYWUzYTYwMjIzXkEyXkFqcGdeQXVyNjU1NDgwMDg@._V1_.jpg,9.0,24182,TV-14,"Adventure, Drama, Family",
Bron/Broen,https://www.imdb.com/title/tt1733785/,"When a body is found on the bridge between Denmark and Sweden, right on the border, Danish inspector Martin Rohde and Swedish Saga Norén have to share jurisdiction and work together to find the killer.",https://m.media-amazon.com/images/M/MV5BMjQ3MDAzNDU4NV5BMl5BanBnXkFtZTgwNjE2NDQ0NzE@._V1_.jpg,8.6,77251,15,"Crime, Mystery, Thriller",
Daredevil,https://www.imdb.com/title/tt3322312/,"A blind lawyer by day, vigilante by night. Matt Murdock fights the crime of New York as Daredevil.",https://m.media-amazon.com/images/M/MV5BODcwOTg2MDE3NF5BMl5BanBnXkFtZTgwNTUyNTY1NjM@._V1_.jpg,8.6,477131,18,"Action, Crime, Drama",
Blackadder II,https://www.imdb.com/title/tt0088484/,"In the Tudor court of Elizabeth I, Lord Edmund Blackadder strives to win Her Majesty&apos;s favour while attempting to avoid a grisly fate should he offend her.",https://m.media-amazon.com/images/M/MV5BZGQ5MmQ1MzctNTA1OC00MWY1LTg5ZWMtMDc1ZjY5MDI5ZWEwXkEyXkFqcGdeQXVyNjc5NjEzNA@@._V1_.jpg,8.6,50094,PG,Comedy,
The Jinx: The Life and Deaths of Robert Durst,https://www.imdb.com/title/tt4299972/,"Filmmaker Andrew Jarecki examines the complicated life of reclusive real estate icon Robert Durst, the key suspect in a series of unsolved crimes.",https://m.media-amazon.com/images/M/MV5BY2VmODBlNzAtM2U5OC00ZjFiLThkY2UtZTYxMjA4M2FlN2EwXkEyXkFqcGdeQXVyMTM1NjM2ODg1._V1_.jpg,8.6,52990,15,"Documentary, Biography, Crime",
Lonesome Dove,https://www.imdb.com/title/tt0096639/,Two former Texas Rangers renew their spirit of adventure as they and several other residents of a small Texas town join a cattle drive to the Montana Territory.,https://m.media-amazon.com/images/M/MV5BMmJmYTg0MDEtN2VjMC00YmUxLWFhNmMtZTBiYjQ2ZGQ5ZWMyXkEyXkFqcGdeQXVyNTE1NjY5Mg@@._V1_.jpg,8.7,26124,TV-14,"Adventure, Drama, Western",
Mindhunter,https://www.imdb.com/title/tt5290382/,"In the late 1970s, two FBI agents broaden the realm of criminal science by investigating the psychology behind murder and end up getting too close to real-life monsters.",https://m.media-amazon.com/images/M/MV5BYzA3ZWZkYjMtZTk3Yi00MzQxLTgyOGUtYmE0ZTkwMTYwYzM5XkEyXkFqcGdeQXVyMTA3MzQ4MTc0._V1_.jpg,8.6,339986,18,"Crime, Drama, Mystery",
Haikyû!!,https://www.imdb.com/title/tt3398540/,"Determined to be like the volleyball championship&apos;s star player nicknamed &quot;the small giant&quot;, Shoyo joins his school&apos;s volleyball club.",https://m.media-amazon.com/images/M/MV5BNjkyNDI2MTgtN2Y3NS00M2RjLWJhNDMtMmNmZmUwMDQwZTE1XkEyXkFqcGdeQXVyNjAwNDUxODI@._V1_.jpg,8.7,36400,PG,"Animation, Comedy, Drama",
Poirot,https://www.imdb.com/title/tt0094525/,"Hercule Poirot, a famous Belgian detective, who has an impeccable knack for getting embroiled in a mystery, solves crimes along with Captain Hastings and Scotland Yard Chief Inspector James Japp.",https://m.media-amazon.com/images/M/MV5BYjllNTYxNWEtN2YxZC00MTJiLTk3Y2YtZjljMWFjMTcwMzg0XkEyXkFqcGdeQXVyNjcwMzExMzU@._V1_.jpg,8.6,52502,PG,"Crime, Drama, Mystery",
The Offer,https://www.imdb.com/title/tt13111040/,Oscar-winning producer Albert S. Ruddy&apos;s never-before-revealed experiences of making The Godfather (1972).,https://m.media-amazon.com/images/M/MV5BMzU1YWU3ZWItYTA4Yy00M2Q0LTkzZTQtYzFmNzVlZTg1ZTQwXkEyXkFqcGdeQXVyMTM1MTE1NDMx._V1_.jpg,8.6,40725,18,"Biography, Crime, Drama",
The Return of Sherlock Holmes,https://www.imdb.com/title/tt0090509/,"Sherlock Holmes and Dr Watson solve the mysteries of the devil&apos;s foot, Silver Blaze, Wisteria Lodge and the Bruce-Partington Plans.",https://m.media-amazon.com/images/M/MV5BYTU5NGZmMTgtZTJmNi00MjU1LTlkZTItMDBlYjI3OWU0NWZkXkEyXkFqcGdeQXVyMTk0MjQ3Nzk@._V1_.jpg,8.7,13463,15,"Crime, Drama, Mystery",
Mr. Bean,https://www.imdb.com/title/tt0096657/,"Bumbling, childlike Mr. Bean has trouble completing the simplest of day-to-day tasks, but his perseverance and resourcefulness frequently allow him to find ingenious ways around problems.",https://m.media-amazon.com/images/M/MV5BMGNhODY0ZjktYjY2ZS00MGNkLTg2ZTUtMGEwNGRlMmY3ZjQ4XkEyXkFqcGdeQXVyNTgyNTA4MjM@._V1_.jpg,8.6,134630,U,"Comedy, Family",
Gomorrah,https://www.imdb.com/title/tt2049116/,Ciro disregards tradition in his attempt to become the next boss of his crime syndicate. The internal power struggle puts him and his entire family&apos;s life at risk.,https://m.media-amazon.com/images/M/MV5BMTgzNmNjZGQtMjM3ZC00Y2Y2LTlkZGItM2EwNTM2MmUyMDExXkEyXkFqcGdeQXVyMTMxNjUyMDkx._V1_.jpg,8.6,44760,18,"Crime, Drama, Thriller",
Sarangeui bulsachak,https://www.imdb.com/title/tt10850932/,The absolute top secret love story of a chaebol heiress who made an emergency landing in North Korea because of a paragliding accident and a North Korean special officer who falls in love with her and who is hiding and protecting ...,https://m.media-amazon.com/images/M/MV5BMzRiZWUyN2YtNDI4YS00NTg2LTg0OTgtMGI2ZjU4ODQ4Yjk3XkEyXkFqcGdeQXVyNTI5NjIyMw@@._V1_.jpg,8.7,42692,15,"Adventure, Comedy, Romance",
Critical Role,https://www.imdb.com/title/tt4834232/,"A live weekly show in which a band of professional voice actors improvise, role-play, and roll their way through an epic Dungeons and Dragons campaign.",https://m.media-amazon.com/images/M/MV5BYjNjZDliYmItZDE0NC00ZGY3LTk0ZDEtZGI5MjAxZjQwMDE4XkEyXkFqcGdeQXVyMjM5NzU3OTM@._V1_.jpg,9.1,13234,PG,"Adventure, Fantasy",
Mr Inbetween,https://www.imdb.com/title/tt7472896/,"Ray Shoesmith is a father, ex-husband, boyfriend, brother and best friend, tough roles to juggle in the modern age. Especially when you&apos;re also a criminal for hire.",https://m.media-amazon.com/images/M/MV5BNzA0MDk0NDE5N15BMl5BanBnXkFtZTgwODk5MjAzNjM@._V1_.jpg,8.7,31198,18,"Crime, Drama",
Pose,https://www.imdb.com/title/tt7562112/,"In the New York of the late &apos;80s and early &apos;90s, this is a story of ball culture and the gay and trans community, the raging AIDS crisis, and capitalism.",https://m.media-amazon.com/images/M/MV5BNmNiZTFlMTAtYWZjNS00NGFlLWFkMTItOWRhOTBjN2Y1NDYxXkEyXkFqcGdeQXVyMTUyNjc3NDQ4._V1_.jpg,8.6,33074,G,Drama,
Scavengers Reign,https://www.imdb.com/title/tt21056886/,The crew of a damaged deep space freighter are stranded on a beautiful but dangerous planet.,https://m.media-amazon.com/images/M/MV5BYWUxYjMxNWMtNDY4Mi00NjQ3LTljMDItNTdjNjkzOTU1ZGI4XkEyXkFqcGdeQXVyMTEzMTI1Mjk3._V1_.jpg,8.7,18173,TV-MA,"Animation, Adventure, Drama",
Mystery Science Theater 3000,https://www.imdb.com/title/tt0094517/,"In the not-too-distant future Joel Robinson is held captive by Dr. Forrester and TV&apos;s Frank, forced to watch B-Grade movies on the Satellite of Love with the help of his robot friends: Cambot, Gypsy, Tom Servo and Crow T. Robot.",https://m.media-amazon.com/images/M/MV5BOTE0MjEwODU3NV5BMl5BanBnXkFtZTgwNDgxMTcxNzE@._V1_.jpg,8.6,25941,PG,"Comedy, Sci-Fi",
Blackadder the Third,https://www.imdb.com/title/tt0092324/,"In the Regency era, Mr E. Blackadder serves as butler to the foppish numskull Prince George amidst the fads and crazes of the time.",https://m.media-amazon.com/images/M/MV5BZTFiYzk5NGQtOTdjOC00ZWUxLWEwNDctMTQ3NjE3MjQzZjkxXkEyXkFqcGdeQXVyNjc5NjEzNA@@._V1_.jpg,8.6,47279,15,Comedy,
Archer,https://www.imdb.com/title/tt1486217/,Covert black ops and espionage take a back seat to zany personalities and relationships between secret agents and drones.,https://m.media-amazon.com/images/M/MV5BMTg3NTMwMzY2OF5BMl5BanBnXkFtZTgwMDcxMjQ0NDE@._V1_.jpg,8.6,166808,15,"Animation, Action, Comedy",
Yes Minister,https://www.imdb.com/title/tt0080306/,"The Right Honorable James Hacker has landed the plum job of Cabinet Minister to the Department of Administration. At last he is in a position of power and can carry out some long-needed reforms, or so he thinks.",https://m.media-amazon.com/images/M/MV5BY2NhZWM1N2YtZmU4ZS00NmVmLWFkMmYtNTQxNjExNmJhYzA0XkEyXkFqcGdeQXVyNjg1NzcwODE@._V1_.jpg,8.6,16648,PG,Comedy,
Anne,https://www.imdb.com/title/tt5421602/,"The adventures of a young orphan girl living in the late 19th century. Follow Anne as she learns to navigate her new life on Prince Edward Island, in this new take on L.M. Montgomery&apos;s classic novels.",https://m.media-amazon.com/images/M/MV5BNThmMzJlNzgtYmY5ZC00MDllLThmZTMtNTRiMjQwNmY0NmRhXkEyXkFqcGdeQXVyMTkxNjUyNQ@@._V1_.jpg,8.6,67222,PG,"Drama, Family",
Yeh Meri Family,https://www.imdb.com/title/tt8595766/,Set in the summer of 1998 it is a story about conflicting emotions towards family members from the eyes of a twelve year old.,https://m.media-amazon.com/images/M/MV5BMjZkODc3NTctZWE2NC00MjcyLWIxZDctNjUzODUzMmY3ZWVjXkEyXkFqcGdeQXVyMTExMTIzMTA5._V1_.jpg,9.0,25879,TV-14,"Comedy, Drama, Family",
Kimetsu no Yaiba,https://www.imdb.com/title/tt9335498/,"A family is attacked by demons and only two members survive - Tanjiro and his sister Nezuko, who is turning into a demon slowly. Tanjiro sets out to become a demon slayer to avenge his family and cure his sister.",https://m.media-amazon.com/images/M/MV5BYTIxNjk3YjItYmYzMC00ZTdmLTk0NGUtZmNlZTA0NWFkZDMwXkEyXkFqcGdeQXVyNjAwNDUxODI@._V1_.jpg,8.6,151732,15,"Animation, Action, Adventure",
Young Justice,https://www.imdb.com/title/tt1641384/,Teenage superheroes strive to prove themselves as members of the Justice League.,https://m.media-amazon.com/images/M/MV5BMTAwYzE4NzItY2Q3Zi00NjRmLWE5ZTAtMDM5OWIyMmQ3MTFlXkEyXkFqcGdeQXVyMTkxNjUyNQ@@._V1_.jpg,8.6,45837,PG,"Animation, Action, Adventure",
Dopesick,https://www.imdb.com/title/tt9174558/,"The series takes viewers to the epicenter of America&apos;s struggle with opioid addiction, from the boardrooms of Purdue Pharma, to a distressed Virginia mining community, to the hallways of the DEA.",https://m.media-amazon.com/images/M/MV5BZTc5NmU1YWUtMzgxNC00YmVmLTk1MDYtNjlkNjQwZGVjMTIzXkEyXkFqcGdeQXVyMDM2NDM2MQ@@._V1_.jpg,8.6,79216,15,Drama,
Greatest Events of WWII in Colour,https://www.imdb.com/title/tt9103932/,A series of colorized archive footage of important events during World War II.,https://m.media-amazon.com/images/M/MV5BOTQzNWM1ZWEtMDkzNS00MmE1LWEyODgtMTJlZjdjYmRhMWE0XkEyXkFqcGdeQXVyMTMxODk2OTU@._V1_.jpg,8.7,10901,15,"Documentary, History, War",
The Bear,https://www.imdb.com/title/tt14452776/,A young chef from the fine dining world returns to Chicago to run his family&apos;s sandwich shop.,https://m.media-amazon.com/images/M/MV5BMTRhOGNlYzMtZTc3Ny00YTZlLTg0OWMtMzllNmFiMjFhZTdmXkEyXkFqcGc@._V1_.jpg,8.6,219370,16,"Comedy, Drama",
The Newsroom,https://www.imdb.com/title/tt1870479/,"A newsroom undergoes some changes in its workings and morals as a new team is brought in, bringing unexpected results for its existing news anchor.",https://m.media-amazon.com/images/M/MV5BNzczMTVhNGItMmM4MC00NzRlLWEwMmUtMTJlZDE4NDhhMWZhXkEyXkFqcGdeQXVyMTA3MzQ4MTc0._V1_.jpg,8.6,125355,15,Drama,
Yellowstone,https://www.imdb.com/title/tt4236770/,A ranching family in Montana faces off against others encroaching on their land.,https://m.media-amazon.com/images/M/MV5BOGFiZjU5NGEtNTAwNS00ZjI2LTg0YTktNjg0ODFlM2E0NGVhXkEyXkFqcGdeQXVyMzQ2MDI5NjU@._V1_.jpg,8.7,225499,15,"Drama, Western",
Boardwalk Empire,https://www.imdb.com/title/tt0979432/,An Atlantic City politician plays both sides of the law by conspiring with gangsters during the Prohibition era.,https://m.media-amazon.com/images/M/MV5BYTYxNzc5ZmYtODcyNi00ZWUwLWExNWUtY2Y0YTlhZDBlMGU1XkEyXkFqcGdeQXVyNzQ1ODk3MTQ@._V1_.jpg,8.6,204050,18,"Crime, Drama",
QI,https://www.imdb.com/title/tt0380136/,"A comedy panel game in which being Quite Interesting is more important than being right. Sandi Toksvig is joined each week by four comedians to share anecdotes and trivia, and maybe answer some questions as well.",https://m.media-amazon.com/images/M/MV5BMjgyYWUxNGMtMGMwZi00OWIyLTkwN2ItOWYyYWUxYzcyNzUwXkEyXkFqcGdeQXVyNjg0NTcxMTg@._V1_.jpg,8.6,33711,15,"Comedy, Game-Show",
El Chavo del Ocho,https://www.imdb.com/title/tt0229889/,"The misadventures of a poor, homeless, fumbling boy and his friends in their humble neighborhood.",https://m.media-amazon.com/images/M/MV5BZjM3ZmY2YzAtZjY1My00OTJjLWI5M2QtYmYxNDQ1OTBkY2E2XkEyXkFqcGdeQXVyMzQxNzU3NA@@._V1_.jpg,8.7,12982,PG,"Comedy, Family",
Justified,https://www.imdb.com/title/tt1489428/,"Enforcing his own brand of justice, U.S. Marshal Raylan Givens, a strong-willed, quiet law-man haunted by his past, returns to his native town to see that justice is served to those in need.",https://m.media-amazon.com/images/M/MV5BZGU1MzUxZTYtZTQyMy00MjFiLThhYWUtYTBiMTBlM2QyNWQ5XkEyXkFqcGdeQXVyNDIzMzcwNjc@._V1_.jpg,8.6,119725,15,"Action, Crime, Drama",
Le bureau des légendes,https://www.imdb.com/title/tt4063800/,"A very unique and captivating series about the &quot;bureau des légendes&quot;, the mythical powerhouse within the French Secret Service and its dare devil ghost agents.",https://m.media-amazon.com/images/M/MV5BOGRmMDEwOWUtNGI0Ny00YWY3LTkxNmEtZTkwN2FjMjU1YzgwXkEyXkFqcGdeQXVyNTk0MTE2NzU@._V1_.jpg,8.7,14389,15,"Drama, Thriller",
The Bugs Bunny Show,https://www.imdb.com/title/tt0053488/,TV series featuring the classic Looney Tunes animated shorts.,https://m.media-amazon.com/images/M/MV5BZTE2NWRmZDAtMjc4OC00NThhLTg2OTMtNzUwNTg1MDkyY2Y5XkEyXkFqcGdeQXVyMTUyNjc3NDQ4._V1_.jpg,8.6,35802,U,"Animation, Comedy",
Homicide: Life on the Street,https://www.imdb.com/title/tt0106028/,An American police procedural television series chronicling the work of a fictional version of the Baltimore Police Department&apos;s Homicide Unit.,https://m.media-amazon.com/images/M/MV5BYTVmZTRhNWItNmQ3Yi00MzNiLWJiZTctOWMyOWRlMDY4YWMyXkEyXkFqcGdeQXVyNjc3MjQzNTI@._V1_.jpg,8.7,14275,15,"Crime, Drama, Mystery",
The Haunting of Hill House,https://www.imdb.com/title/tt6763664/,"Flashing between past and present, a fractured family confronts haunting memories of their old home and the terrifying events that drove them from it.",https://m.media-amazon.com/images/M/MV5BMTU4NzA4MDEwNF5BMl5BanBnXkFtZTgwMTQxODYzNjM@._V1_.jpg,8.5,290901,15,"Drama, Horror, Mystery",
What We Do in the Shadows,https://www.imdb.com/title/tt7908628/,A look into the nightly lives of four vampires who have lived together on Staten Island for over a century.,https://m.media-amazon.com/images/M/MV5BODUwOWE4ZjQtNGQ2MS00MjNjLTgwMGMtZDdlYWU0ZGRhNWFiXkEyXkFqcGdeQXVyMTUzMTg2ODkz._V1_.jpg,8.6,104345,16,"Comedy, Fantasy, Horror",
Dragon Ball: Doragon bôru,https://www.imdb.com/title/tt0088509/,"Son Gokû, a fighter with a monkey tail, goes on a quest with an assortment of odd characters in search of the Dragon Balls, a set of crystals that can give its bearer anything they desire.",https://m.media-amazon.com/images/M/MV5BYzI0YjYxY2UtNzRjNS00NTZiLTgzMDItNGEzMjU5MmE0ZWJmXkEyXkFqcGdeQXVyNjAwNDUxODI@._V1_.jpg,8.5,66757,PG,"Animation, Action, Adventure",
Justice League,https://www.imdb.com/title/tt0275137/,Seven of the most formidable heroes form arguably the most powerful team ever.,https://m.media-amazon.com/images/M/MV5BZGQxYzExOGEtYjE2Ni00YzNlLTkyMGEtZTM0NDE3ZTIzODU1XkEyXkFqcGdeQXVyNTgyNTA4MjM@._V1_.jpg,8.6,52071,PG,"Animation, Action, Adventure",
The Venture Bros.,https://www.imdb.com/title/tt0417373/,"The bizarre escapades of pseudo-heroic scientist Dr. Rusty Venture, his competent, high-strung bodyguard, and his two overenthusiastic sons.",https://m.media-amazon.com/images/M/MV5BNjYwZjJhZDgtMDc2Mi00Y2U4LThjMzItZmYyZDYzZDNjMDI5XkEyXkFqcGdeQXVyNTA4NzY1MzY@._V1_.jpg,8.6,28210,15,"Animation, Action, Adventure",
The Family Man,https://www.imdb.com/title/tt9544034/,"A working man from the National Investigation Agency tries to protect the nation from terrorism, but he also needs to keep his family safe from his secret job.",https://m.media-amazon.com/images/M/MV5BMzRjZWVmMzItNTdmYS00OWEzLTgyOGUtNThiNTU2ZThlYjY0XkEyXkFqcGdeQXVyMTIxMDk2NDE4._V1_.jpg,8.7,99286,18,"Action, Comedy, Drama",
Battlestar Galactica,https://www.imdb.com/title/tt0314979/,"Following the destruction of the Twelve Colonies of Kobol by the Cylons, a rag-tag fugitive fleet of the last remnants of mankind flees the pursuing Cylons while simultaneously searching for their true home: Earth.",https://m.media-amazon.com/images/M/MV5BZjJlYzgzOWUtZmJlZi00ZGM4LTliNzctNWFkNThlMDJhZDQxXkEyXkFqcGdeQXVyNTA4NzY1MzY@._V1_.jpg,8.5,80709,12,"Action, Adventure, Drama",
Jujutsu Kaisen,https://www.imdb.com/title/tt12343534/,A boy swallows a cursed talisman - the finger of a demon - and becomes cursed himself. He enters a shaman&apos;s school to be able to locate the demon&apos;s other body parts and thus exorcise himself.,https://m.media-amazon.com/images/M/MV5BNGY4MTg3NzgtMmFkZi00NTg5LWExMmEtMWI3YzI1ODdmMWQ1XkEyXkFqcGdeQXVyMjQwMDg0Ng@@._V1_.jpg,8.6,120686,15,"Animation, Action, Adventure",
Dragon Ball,https://www.imdb.com/title/tt0280249/,"Dragon Ball tells the tale of a young warrior by the name of Son Goku, a young peculiar boy with a tail who embarks on a quest to become stronger and learns of the Dragon Balls, when, once all 7 are gathered, grant any wish of cho...",https://m.media-amazon.com/images/M/MV5BNDYyNTJkNmItYjgxNC00ODliLTg2MGMtZjkxNjEwYzdjNjUxXkEyXkFqcGdeQXVyNTA4NzY1MzY@._V1_.jpg,8.5,65566,PG,"Animation, Action, Adventure",
The Queen&apos;s Gambit,https://www.imdb.com/title/tt10048342/,"Orphaned at the tender age of nine, prodigious introvert Beth Harmon discovers and masters the game of chess in 1960s USA. But child stardom comes at a price.",https://m.media-amazon.com/images/M/MV5BM2EwMmRhMmUtMzBmMS00ZDQ3LTg4OGEtNjlkODk3ZTMxMmJlXkEyXkFqcGdeQXVyMjM5ODk1NDU@._V1_.jpg,8.5,561874,15,Drama,
Flight of the Conchords,https://www.imdb.com/title/tt0863046/,"Bret and Jemaine are Flight of the Conchords, a folk-rock band from New Zealand living in New York City in search of stardom.",https://m.media-amazon.com/images/M/MV5BNTM4M2VhY2UtZTJmMi00YmFjLTk4OWItMzU2ZDA3NTUxZjYxXkEyXkFqcGdeQXVyNTA4NzY1MzY@._V1_.jpg,8.5,66276,15,"Comedy, Music, Musical",
Making a Murderer,https://www.imdb.com/title/tt5189670/,"Filmed over a 10-year period, Steven Avery, a DNA exoneree who, while in the midst of exposing corruption in local law enforcement, finds himself the prime suspect in a grisly new crime.",https://m.media-amazon.com/images/M/MV5BMTg4Mjc1NjE4Ml5BMl5BanBnXkFtZTgwMjk2NjA1NjM@._V1_.jpg,8.5,103252,15,"Documentary, Crime",
Endeavour,https://www.imdb.com/title/tt2701582/,"Set from 1965 into the 1970s, the show follows Endeavour Morse in his early years as a police constable. Working alongside his senior partner DI Fred Thursday, Morse engages in a number of investigations around Oxford.",https://m.media-amazon.com/images/M/MV5BN2Q3ZTBmNjItOTM2Mi00ZjA4LWI5MTEtMTkzNDJmM2EwOWJkXkEyXkFqcGdeQXVyNDI3NjU1NzQ@._V1_.jpg,8.6,33758,12,"Crime, Drama, Mystery",
"Yes, Prime Minister",https://www.imdb.com/title/tt0086831/,James Hacker was propelled along the corridors of power to the very pinnacle of politics - Number 10.,https://m.media-amazon.com/images/M/MV5BMjkyZjY5Y2UtZmE1Ny00Mzk0LWEwZjgtYjYxZTYwNjhmMGIzXkEyXkFqcGdeQXVyNDMwODE5NDA@._V1_.jpg,8.6,12999,PG,Comedy,
Coupling,https://www.imdb.com/title/tt0237123/,Six best friends talk about all aspects of sex and relationships on their never-ending quest to find true love.,https://m.media-amazon.com/images/M/MV5BMzU4NmRkMTctZWQzMi00OGQwLWFjZGEtMTRlZGNmMDdhOGYzXkEyXkFqcGdeQXVyMTA0MTM5NjI2._V1_.jpg,8.6,47846,15,"Comedy, Romance",
Samurai Chanpurû,https://www.imdb.com/title/tt0423731/,"Fuu, a waitress who works in a teahouse, rescues two master swordsmen, Mugen and Jin, from their execution to help her find the &quot;samurai who smells of sunflowers.&quot;",https://m.media-amazon.com/images/M/MV5BMzg1NmFlMzctYmVkNC00Y2M4LTgyOGQtNjkyYWFkZDQ4MGJjXkEyXkFqcGdeQXVyNjAwNDUxODI@._V1_.jpg,8.5,55854,15,"Animation, Action, Adventure",
Rocket Boys,https://www.imdb.com/title/tt13868972/,"The story of two extraordinary men, Dr. Homi Jehangir Bhabha and Dr. Vikram Ambalal Sarabhai, who created history while building India&apos;s future.",https://m.media-amazon.com/images/M/MV5BYjQ0YTdhZDctYzg5YS00NTNkLThiOWYtNDI5OTYzMGRkYWUyXkEyXkFqcGdeQXVyOTIxMzQ0NzU@._V1_.jpg,8.9,18125,,"Drama, History",
The IT Crowd,https://www.imdb.com/title/tt0487831/,"The comedic misadventures of Roy, Moss and their grifting supervisor Jen, a rag-tag team of IT support workers at a large corporation headed by a hotheaded yuppie.",https://m.media-amazon.com/images/M/MV5BMjE5MThjMzAtNWVmNC00YThkLTlmNzktMTM3Yzk4YTZhMTgwXkEyXkFqcGdeQXVyNTAyODkwOQ@@._V1_.jpg,8.5,165247,PG,Comedy,
Impractical Jokers,https://www.imdb.com/title/tt2100976/,"Q, Sal, Joe and Murr are real-life best friends who love challenging each other to the most outrageous dares and stunts ever caught on hidden camera.",https://m.media-amazon.com/images/M/MV5BZjhlYTllNzgtOTQ5Ni00MTI1LWJmZjktOTc2NTZkYWVlYjllXkEyXkFqcGdeQXVyMDA4NzMyOA@@._V1_.jpg,8.6,46113,15,"Comedy, Reality-TV",
Senke nad Balkanom,https://www.imdb.com/title/tt6108262/,"A historical fiction drama and thriller set in the turbulent period of the late 1920s in the Balkans as a place where high politics, local interests, capital and crime all merge together.",https://m.media-amazon.com/images/M/MV5BYjAzMzc3OTMtZTAzNi00OWI0LWJmOGEtYjI3MWZmY2IzNDkxXkEyXkFqcGdeQXVyMTk0MjQ3Nzk@._V1_.jpg,8.9,12472,TV-MA,"Crime, Drama, Thriller",
Mr. Robot,https://www.imdb.com/title/tt4158110/,"Elliot, a brilliant but unstable cyber-security engineer and vigilante hacker, becomes a key figure in a complex game of global chaos when he and his shadowy allies try to take down the corrupt corporation his company is paid to p...",https://m.media-amazon.com/images/M/MV5BMTE0Mjc1MTk2MjFeQTJeQWpwZ15BbWU4MDk2NzI4MDYx._V1_.jpg,8.5,420731,15,"Crime, Drama, Thriller",
Ezel,https://www.imdb.com/title/tt1534360/,"Betrayed by his trusted friends and the woman he loved, Ömer Uçar returns as Ezel to exact his vengeance.",https://m.media-amazon.com/images/M/MV5BMjIzOTY1YTYtNmRhMC00MzAxLWEzMzUtM2ZiMmYwNTY0MjMyXkEyXkFqcGdeQXVyNDg4MjkzNDk@._V1_.jpg,8.7,37528,TV-14,"Crime, Drama, Thriller",
The Eric Andre Show,https://www.imdb.com/title/tt2244495/,"Eric Andre tries to host a talk show in a bizarre environment, where he is sometimes the player of pranks and sometimes the victim.",https://m.media-amazon.com/images/M/MV5BNWNlMjA2YjgtNDE1Yi00OTE5LWJhYWUtZTdjMmMyNGQzMzcwXkEyXkFqcGc@._V1_.jpg,8.6,21981,15,"Comedy, Talk-Show",
Spaced,https://www.imdb.com/title/tt0187664/,"Friends Tim and Daisy, 20-something North Londoners with uncertain futures, must pretend to be a couple to live in the only apartment they can afford.",https://m.media-amazon.com/images/M/MV5BMmNjODUxNzctOWU2Zi00ZGU3LWI2MDEtMjZjNjE2MmJiMDZiXkEyXkFqcGdeQXVyNTA4NzY1MzY@._V1_.jpg,8.5,57861,15,Comedy,
I&apos;m Alan Partridge,https://www.imdb.com/title/tt0129690/,"A failed television presenter, now presenting a programme on local desperately tries to revive his broadcasting career.",https://m.media-amazon.com/images/M/MV5BMmM2MjRmNmItNjFmZi00NTc0LWJlNTQtMTE3NWExZWRlNzA3XkEyXkFqcGdeQXVyNjc5NjEzNA@@._V1_.jpg,8.6,22050,15,Comedy,
Samurai Jack,https://www.imdb.com/title/tt0278238/,"A samurai, sent through time, fights to return home and save the world.",https://m.media-amazon.com/images/M/MV5BNDY3Y2E1NWYtMTFkZS00MzlmLTk2ZTItMTAyY2QxZDU1NjZhXkEyXkFqcGdeQXVyMTA0MTM5NjI2._V1_.jpg,8.5,60080,PG,"Animation, Action, Adventure",
Long Way Round,https://www.imdb.com/title/tt0403778/,"Ewan McGregor and Charley Boorman embark on a grueling quest to motorbike from London to New York. Going east through Europe, Asia and then to Alaska, they experience different cultures and have to overcome the elements and advers...",https://m.media-amazon.com/images/M/MV5BYTAxNWFmMTktMDVjNC00YWFkLTg2NDQtNjQwODZlYmQ2YTA2XkEyXkFqcGdeQXVyNTAyODkwOQ@@._V1_.jpg,8.6,15343,TV-PG,"Documentary, Adventure",
Detectorists,https://www.imdb.com/title/tt4082744/,"The lives of two eccentric metal detectorists, who spend their days plodding along ploughed tracks and open fields, hoping to disturb the tedium by unearthing the fortune of a lifetime.",https://m.media-amazon.com/images/M/MV5BZGUyOWJiYTUtN2E0Ni00MGUwLTk4ZjktYzc3ZmRkNzVlNTU0XkEyXkFqcGdeQXVyMTExNDQ2MTI@._V1_.jpg,8.6,21650,15,Comedy,
Mob Psycho 100,https://www.imdb.com/title/tt5897304/,"A psychic middle school boy tries to live a normal life and keep his growing powers under control, even though he constantly gets into trouble.",https://m.media-amazon.com/images/M/MV5BYWIwZjhkMzgtOWExYi00ZGIwLTg1ZTktNjQyZWIxYWFmZTc0XkEyXkFqcGdeQXVyNjAwNDUxODI@._V1_.jpg,8.6,46101,15,"Animation, Action, Comedy",
Happy Valley,https://www.imdb.com/title/tt3428912/,Yorkshire-based crime drama centering on the personal and professional life of Police Sergeant Catherine Cawood.,https://m.media-amazon.com/images/M/MV5BNTBmYTQ5ZDYtM2NjMC00M2Q2LTg4NDAtODUxZTk0ZmFjMGVjXkEyXkFqcGdeQXVyNzQ5MzY0NjM@._V1_.jpg,8.5,65280,15,"Crime, Drama, Thriller",
Louie,https://www.imdb.com/title/tt1492966/,"The life of Louie C.K., a divorced comedian living in New York with two kids.",https://m.media-amazon.com/images/M/MV5BOGI0ZjA5ZmUtMTY1ZC00NjZjLTk0MGEtNmQ2YTczY2Q3YTc0XkEyXkFqcGdeQXVyNDA5NTgxNjU@._V1_.jpg,8.5,82371,15,"Comedy, Drama",
Spartacus: Blood and Sand,https://www.imdb.com/title/tt1442449/,"The life of Spartacus, the gladiator who lead a rebellion against the Romans. From his time as an ally of the Romans, to his betrayal and becoming a gladiator, to the rebellion he leads and its ultimate outcome.",https://m.media-amazon.com/images/M/MV5BZWQ4MjA2YzEtOTQzYi00NWQ1LWI0ZDEtN2VkZjhmYTc3MzU0XkEyXkFqcGdeQXVyNDIzMzcwNjc@._V1_.jpg,8.5,258168,18,"Action, Adventure, Biography",
Whose Line Is It Anyway?,https://www.imdb.com/title/tt0163507/,Improvisational comedy competition show in which four members of the regular cast as comedians and often with guest appearances with other comedians and celebrities and members of the audience perform various comic games and sketc...,https://m.media-amazon.com/images/M/MV5BYmJjMTVhYjQtMjBmMC00NWYxLTk2YmEtYWIxZDUzYjljZTYxXkEyXkFqcGdeQXVyNTA4NzY1MzY@._V1_.jpg,8.5,46565,12,"Comedy, Game-Show",
Through the Wormhole,https://www.imdb.com/title/tt1513168/,"Hosted by Morgan Freeman, Through the Wormhole will explore the deepest mysteries of existence - the questions that have puzzled mankind for eternity. What are we made of? What was there before the beginning? Are we really alone? ...",https://m.media-amazon.com/images/M/MV5BMDhkMTY2NGQtMWY4Mi00ZjhmLWIzNGYtZDJhODkwNTM5NTIzXkEyXkFqcGdeQXVyNDk3NDEzMzk@._V1_.jpg,8.6,18466,TV-PG,Documentary,
The Office,https://www.imdb.com/title/tt0290978/,The story of an office that faces closure when the company decides to downsize its branches. A documentary film crew follow staff and the manager David Brent as they continue their daily lives.,https://m.media-amazon.com/images/M/MV5BMjcyY2ZlZGEtOGQwMy00NWE1LTg5OTEtYzIxN2Y2NjhlM2RlXkEyXkFqcGdeQXVyNjcwMzExMzU@._V1_.jpg,8.5,123741,15,"Comedy, Drama",
Sons of Anarchy,https://www.imdb.com/title/tt1124373/,A biker struggles to balance being a father and being involved in an outlaw motorcycle club.,https://m.media-amazon.com/images/M/MV5BYTMxMGY1OGQtZmUzNy00NjhmLTlhNzItZDBiNzhlMTgwZjZlXkEyXkFqcGdeQXVyNDIzMzcwNjc@._V1_.jpg,8.6,325569,18,"Crime, Drama, Thriller",
Formula 1: Drive to Survive,https://www.imdb.com/title/tt8289930/,Docuseries following the FIA Formula One World Championship across multiple seasons.,https://m.media-amazon.com/images/M/MV5BMzVkMGU0YWMtOWQxMC00MjFhLTg1NjAtMDFlZTZlYzJlMjlhXkEyXkFqcGdeQXVyMTMxODk2OTU@._V1_.jpg,8.5,51495,15,"Documentary, Sport",
Shinseiki Evangelion,https://www.imdb.com/title/tt0112159/,A teenage boy finds himself recruited as a member of an elite team of pilots by his father.,https://m.media-amazon.com/images/M/MV5BODZkZjUxNmEtMGEyOS00ZDY5LTkxZDMtZTJkZDBiZTkyOWRkXkEyXkFqcGdeQXVyNjAwNDUxODI@._V1_.jpg,8.5,86516,PG,"Animation, Action, Drama",
Twin Peaks: The Return,https://www.imdb.com/title/tt4093826/,Picks up 25 years after the inhabitants of a quaint northwestern town are stunned when their homecoming queen is murdered.,https://m.media-amazon.com/images/M/MV5BZWZiNWI0MzgtMDMyYS00NDY2LWI0Y2YtNTQ2ZWJhNzU2NTEyXkEyXkFqcGdeQXVyOTA3MTMyOTk@._V1_.jpg,8.5,76559,15,"Crime, Drama, Horror",
Heartstopper,https://www.imdb.com/title/tt10638036/,Teens Charlie and Nick discover their unlikely friendship might be something more as they navigate school and young love in this coming-of-age series.,https://m.media-amazon.com/images/M/MV5BNzgxNDgyOTQtZTJkZi00MDViLWJlODMtZDYzMGM1NDVlNmU2XkEyXkFqcGdeQXVyNjA1MTI4NjA@._V1_.jpg,8.6,77569,12,"Drama, Romance",
Trailer Park Boys,https://www.imdb.com/title/tt0290988/,Three petty felons have a documentary made about their life in a trailer park.,https://m.media-amazon.com/images/M/MV5BOTA0NTAwMTc1MF5BMl5BanBnXkFtZTgwODk2NjY0ODE@._V1_.jpg,8.5,51048,15,"Comedy, Crime",
Shameless,https://www.imdb.com/title/tt1586680/,"A scrappy, feisty, fiercely loyal Chicago family makes no apologies.",https://m.media-amazon.com/images/M/MV5BMjM5MzAzNTQyOV5BMl5BanBnXkFtZTgwNjY0MjcyNjM@._V1_.jpg,8.5,288842,18,"Comedy, Drama",
Regular Show,https://www.imdb.com/title/tt1710308/,The surreal misadventures of two best friends - a blue jay and a raccoon - as they seek to liven up their mundane jobs as groundskeepers at the local park.,https://m.media-amazon.com/images/M/MV5BNWJjZjQ5NWUtMTkwZC00NGY2LWEyMDEtMGIyZThkMmMyZTZlXkEyXkFqcGdeQXVyMTI2MzY3NTA3._V1_.jpg,8.5,58736,U,"Animation, Action, Adventure",
Derry Girls,https://www.imdb.com/title/tt7120662/,The personal exploits of a 16-year-old girl and her family and friends during the Troubles in the early 1990s in Northern Ireland.,https://m.media-amazon.com/images/M/MV5BNzU0MTFiNjUtNzIxMi00ZGZiLTgwZmUtMjIxOWNmMDE0NTE1XkEyXkFqcGdeQXVyNjg0NTcxMTg@._V1_.jpg,8.5,60491,15,Comedy,
Brass Eye,https://www.imdb.com/title/tt0118273/,"Controversial spoof of current affairs television, and the role of celebrity in the UK.",https://m.media-amazon.com/images/M/MV5BZGVmMWU3ZWItNGE5Ny00MzRhLTlhZWYtMzg0ZmM0YTI3ODM3XkEyXkFqcGdeQXVyNjc5NjEzNA@@._V1_.jpg,8.6,11606,18,Comedy,
Skam,https://www.imdb.com/title/tt5288312/,"The story of young teenagers and pupils on Hartvig Nissens upper secondary school in Oslo, and their troubles, scandals and everyday life. Each season is told from a different person&apos;s point of view.",https://m.media-amazon.com/images/M/MV5BMzc5NmE5ZDItZGQxZC00ZTdhLThlYzktYjE0NWIyZDM3OGRlXkEyXkFqcGdeQXVyNTA4NzY1MzY@._V1_.jpg,8.6,38875,Not Rated,"Drama, Romance",
Spartacus: Gods of the Arena,https://www.imdb.com/title/tt1758429/,"In the time before the arrival of Spartacus, the House of Batiatus faces many challenges from competitors, and within its own household.",https://m.media-amazon.com/images/M/MV5BMTYyMjI4NzYxOF5BMl5BanBnXkFtZTcwNTUwMTc1NA@@._V1_.jpg,8.5,146181,18,"Action, Adventure, Biography",
North &amp; South,https://www.imdb.com/title/tt0417349/,"North and South is a four-part adaptation of Elizabeth Gaskell&apos;s love story of Margaret Hale, a middle-class southerner who is forced to move to the northern town of Milton.",https://m.media-amazon.com/images/M/MV5BYjU4NGI4MjQtOTJlZC00Y2UxLWFiMDAtODJhZDFmYmVjMTY3XkEyXkFqcGdeQXVyNTE1NjY5Mg@@._V1_.jpg,8.6,35146,PG,"Drama, Romance",
Schitt$ Creek,https://www.imdb.com/title/tt3526078/,"After being a victim of fraud, Johnny Rose and his family go from extremely wealthy to penniless overnight. The only asset left to them is a small, unsophisticated town: Schitt&apos;s Creek. They relocate there. Culture shock ensues.",https://m.media-amazon.com/images/M/MV5BNWQ1ZmM3MTQtNTVhZC00MWVlLWI5ZjgtYmZiYWQxZjUzZWM0XkEyXkFqcGdeQXVyMzQ2MDI5NjU@._V1_.jpg,8.5,147811,15,Comedy,
Silicon Valley,https://www.imdb.com/title/tt2575988/,"Follows the struggle of Richard Hendricks, a Silicon Valley engineer trying to build his own company called Pied Piper.",https://m.media-amazon.com/images/M/MV5BM2Q5YjNjZWMtYThmYy00N2ZjLWE2NDctNmZjMmZjYWE2NjEwXkEyXkFqcGdeQXVyMTAzMDM4MjM0._V1_.jpg,8.5,166909,15,Comedy,
Futurama,https://www.imdb.com/title/tt0149460/,"Philip J. Fry, a pizza delivery boy, is accidentally frozen in 1999 and thawed out on New Year&apos;s Eve 2999.",https://m.media-amazon.com/images/M/MV5BYWI3MTJkN2UtMTU0Zi00ZjE2LThjMWEtYmQ5YmFiZmU1N2JhXkEyXkFqcGdeQXVyMTMzOTQyOTk1._V1_.jpg,8.5,262329,PG,"Animation, Adventure, Comedy",
Hagane no renkinjutsushi,https://www.imdb.com/title/tt0421357/,"When a failed alchemical ritual leaves brothers Edward and Alphonse Elric with severely damaged bodies, they begin searching for the one thing that can save them: the fabled philosopher&apos;s stone.",https://m.media-amazon.com/images/M/MV5BMmI5NmFlZjItOTBhOC00NGI0LWIyNDAtODJhOTJjZDEyMTYyXkEyXkFqcGdeQXVyNjAwNDUxODI@._V1_.jpg,8.5,78196,PG,"Animation, Action, Adventure",
Letterkenny,https://www.imdb.com/title/tt4647692/,"Quick-witted, fast-paced snappy comedy about rural folk getting by in a small town.",https://m.media-amazon.com/images/M/MV5BMjM2MjE3MDktODU4Yi00YzY5LTgzMDktYWIzMTMxYmU2YzM5XkEyXkFqcGdeQXVyMTkxNjUyNQ@@._V1_.jpg,8.6,29853,18,Comedy,
Doctor Who,https://www.imdb.com/title/tt0436992/,The further adventures in time and space of the alien adventurer known as the Doctor and his companions from planet Earth.,https://m.media-amazon.com/images/M/MV5BYjU5YTA5OGItYzFmZi00YmFjLWJjNWEtZTk0MjExMTFjYzE2XkEyXkFqcGdeQXVyNjcwMzExMzU@._V1_.jpg,8.6,248876,PG,"Adventure, Drama, Sci-Fi",
Rurôni Kenshin: Meiji kenkaku romantan - Tsuioku-hen,https://www.imdb.com/title/tt0203082/,"In the era of Japan&apos;s Meiji Restoration, an assassin regains his humanity.",https://m.media-amazon.com/images/M/MV5BNWI3MTAxOWYtYjNhYi00N2QwLWIxNDMtOGYzZGE4ZmUzOWE3XkEyXkFqcGdeQXVyNjAwNDUxODI@._V1_.jpg,8.6,16302,15,"Animation, Action, Adventure",
The Expanse,https://www.imdb.com/title/tt3230854/,"The disappearance of rich-girl-turned-political-activist links the lives of Ceres detective, accidental ship captain and U.N. politician. Amidst political tension between Earth, Mars and the Belt, they unravel the greatest conspir...",https://m.media-amazon.com/images/M/MV5BZDVmMDljM2QtZDkzZC00ZDg2LWFiMGItZjNiNjliZjg2MGEzXkEyXkFqcGdeQXVyMjkwOTAyMDU@._V1_.jpg,8.5,173821,15,"Drama, Mystery, Sci-Fi",
From the Earth to the Moon,https://www.imdb.com/title/tt0120570/,Dramatized portrayal of the Apollo manned space program.,https://m.media-amazon.com/images/M/MV5BMTc4MGZlZGEtODY1My00MmI4LWJkNDYtMDQwNThhM2Q0MTg1XkEyXkFqcGdeQXVyNTE1NjY5Mg@@._V1_.jpg,8.6,13282,PG,"Action, Drama, History",
Isanghan byeonhosa Woo Young-woo,https://www.imdb.com/title/tt20869502/,"Due to her 164 I.Q., impressive memory and creative thought process, autistic 27-year-old lawyer Woo Young Woo graduated at the top of her class from a prestigious law school.",https://m.media-amazon.com/images/M/MV5BMTAzNzlhYjItN2MxZS00ZTg4LWFmZGQtN2I1ZWE5YjgzODY3XkEyXkFqcGdeQXVyNjk1NzU1Mjk@._V1_.jpg,8.6,27329,15,Drama,
Hannibal,https://www.imdb.com/title/tt2243973/,Explores the early relationship between renowned psychiatrist Hannibal Lecter and a young FBI criminal profiler who is haunted by his ability to empathize with serial killers.,https://m.media-amazon.com/images/M/MV5BNWU5YmJhNWEtZGVlOS00NmRhLThmNzUtYjAyMDA2MDg5ZTM4XkEyXkFqcGdeQXVyNDIzMzcwNjc@._V1_.jpg,8.5,278299,18,"Crime, Drama, Horror",
L&apos;amica geniale,https://www.imdb.com/title/tt7278862/,A woman recounts the lifelong friendship and conflicts with a girl she met at primary school in Naples during the early 1950s.,https://m.media-amazon.com/images/M/MV5BYzJlYzJkYTctNmEyMi00NmY2LWE2Y2MtOTM5YmI5MTM1ZDk4XkEyXkFqcGdeQXVyMDM2NDM2MQ@@._V1_.jpg,8.6,17908,15,Drama,
The Rehearsal,https://www.imdb.com/title/tt10802170/,Nathan Fielder gives people a chance to rehearse for their own lives in a world where nothing ever works out as expected.,https://m.media-amazon.com/images/M/MV5BNGI3ZTgwMzItMTA0ZC00NTFhLTkzNTQtMDBkMDc2NmVmY2NkXkEyXkFqcGdeQXVyMTM1MTE1NDMx._V1_.jpg,8.5,26335,15,"Documentary, Comedy",
Wentworth,https://www.imdb.com/title/tt2433738/,The confronting look into the lives of the inmates and prison staff of Wentworth Correctional Centre as they navigate the ups and downs of their lives in the prison system.,https://m.media-amazon.com/images/M/MV5BODk2NjQ5OGYtYTVlMi00ZWM2LTk4OGYtZjcwNjg1MzVjOGMxXkEyXkFqcGdeQXVyNTE1NjY5Mg@@._V1_.jpg,8.6,24786,18,"Crime, Drama, Thriller",
Umbre,https://www.imdb.com/title/tt4269716/,"Umbre follows Relu, an enforcer for a small-time mob boss, as he struggles to keep his family in the dark about his job. The secrets Relu keeps become increasingly oppressive and the lies begin to surface.",https://m.media-amazon.com/images/M/MV5BZjIyNWRlNTEtZDFmOC00YjJkLWJiNDktNWQzMmI1MmQyMDMyXkEyXkFqcGdeQXVyMzQ4MjE5ODk@._V1_.jpg,8.7,11505,TV-MA,"Crime, Drama, Thriller",
Avrupa Yakasi,https://www.imdb.com/title/tt0421291/,The life and times of the rather traditional Sutcuoglu family and their comedic struggles to adapt the high-profile contemporary life of Nisantasi.,https://m.media-amazon.com/images/M/MV5BZDEzNzk4YmQtYWRhMi00ZGRmLTg2M2YtZjM2YTY0MWE1YWYwXkEyXkFqcGdeQXVyNDQ2MTMzODA@._V1_.jpg,8.6,21419,,Comedy,
Hwan Hon,https://www.imdb.com/title/tt20859920/,"Set in a fictional country called Daeho, it is about the love and growth of young mages as they overcome their twisted fates due to a forbidden magic spell known as the &quot;alchemy of souls&quot;, which allows souls to switch bodies.",https://m.media-amazon.com/images/M/MV5BMmJhZGFhMmItM2RmMC00NWIxLWE5ZjMtMmIwZmJkNTdjZTg4XkEyXkFqcGdeQXVyOTI5NDk4NDQ@._V1_.jpg,8.7,17936,12,"Action, Drama, Fantasy",
Gintama,https://www.imdb.com/title/tt0988818/,"In an era where aliens have invaded and taken over feudal Tokyo, an unemployed samurai finds work however he can.",https://m.media-amazon.com/images/M/MV5BMDhmNjUxM2UtZTY2Zi00OTQ0LWExNjgtNDhkNTUyMjQ3MmU5XkEyXkFqcGdeQXVyNjAwNDUxODI@._V1_.jpg,8.7,15459,TV-14,"Animation, Action, Comedy",
Westworld,https://www.imdb.com/title/tt0475784/,"At the intersection of the near future and the reimagined past, waits a world in which every human appetite can be indulged without consequence.",https://m.media-amazon.com/images/M/MV5BZDg1OWRiMTktZDdiNy00NTZlLTg2Y2EtNWRiMTcxMGE5YTUxXkEyXkFqcGdeQXVyMTM2MDY0OTYx._V1_.jpg,8.5,535377,18,"Drama, Mystery, Sci-Fi",
Shigatsu wa kimi no uso,https://www.imdb.com/title/tt3895150/,A piano prodigy who lost his ability to play after suffering a traumatic event in his childhood is forced back into the spotlight by an eccentric girl with a secret of her own.,https://m.media-amazon.com/images/M/MV5BYThlNWY5ZDgtYTIxNC00ZjdiLWJmNGUtMDFjMDlmZTAzOWFiXkEyXkFqcGdeQXVyNTM4NzAzNjc@._V1_.jpg,8.5,38506,12,"Animation, Comedy, Drama",
Community,https://www.imdb.com/title/tt1439629/,A suspended lawyer is forced to enroll in a community college with an eccentric staff and student body.,https://m.media-amazon.com/images/M/MV5BNDQ5NDZiYjktZmFmMy00MjAxLTk1MDktOGZjYTY5YTE1ODdmXkEyXkFqcGdeQXVyNjcwMzEzMTU@._V1_.jpg,8.5,295005,12,Comedy,
Strappare lungo i bordi,https://www.imdb.com/title/tt15614372/,A cartoonist in Rome with his armadillo-for-a-conscience reflects on his path in life and a would-be love as he and his friends travel outside the city.,https://m.media-amazon.com/images/M/MV5BZDE0NGIzODgtNzE2OS00YmJjLWFhODItNWQzM2U3ZmQzMjIxXkEyXkFqcGdeQXVyMTU3NDg0OTgx._V1_.jpg,8.6,14653,15,"Animation, Comedy, Drama",
Chef&apos;s Table,https://www.imdb.com/title/tt4295140/,"Chef&apos;s Table goes inside the lives and kitchens of six of the world&apos;s most renowned international chefs. Each episode focuses on a single chef and their unique look at their lives, talents and passion from their piece of culinary ...",https://m.media-amazon.com/images/M/MV5BMjE3MDQ2OTYyN15BMl5BanBnXkFtZTgwNjQ0Nzg0NzM@._V1_.jpg,8.5,17114,15,"Documentary, Biography",
Sapne Vs Everyone,https://www.imdb.com/title/tt30263074/,"Two obsessive dreamers collide with the resistance of expectations, morality and each other.",https://m.media-amazon.com/images/M/MV5BNmZmNTA5ZTgtNTgzOS00YWQ5LTgxZTItYTc1NzNjOWNmMDA5XkEyXkFqcGdeQXVyMTExMTIzMTA5._V1_.jpg,9.4,66992,Mature,Drama,
